CODE REFERENCE PHOTO,PHOTO,VILLE,CODE POSTAL,ADRESSE ,COORDONNEES GPS DU PANNEAU Y ,COORDONNEES GPS DU PANNEAU X,ANGLE DE VISIBILITE,VISIBLE EN VENANT DE,VISIBLE EN ALLANT A ,VISIBILITE,DISPONIBILITE,FORMAT,SURFACE,TYPE,SUPPORT,LARGEUR EN CM,HAUTEUR EN CM,DATE DE SIGNATURE DU BON DE COMMANDE CLIENT  ,DATE DE FIN DENGAGEMENT  DU BON DE COMMANDE  ,ANNONCEUR
244,AFFICHAGE PREMIER,BEAUMETZ LES LOGES,62123,4 ROUTE NATIONALE ,"50,23929","2,65531",90°,DOULLENS,ARRAS,DROITE,ND,MOBILIER URBAIN,2M2,DEROULANT,VITRINE,1220,1760,,,CENTRAKOR
MAC DONALD,#VALEUR !,BEAUMETZ LES LOGES,62123,4 ROUTE NATIONALE ,"50,23929","2,65531",90°,DOULLENS,ARRAS,DROITE,ND,MOBILIER URBAIN,2M2,DEROULANT,VITRINE,1220,1760,08/06/2022,29/04/2026,MAC DONALD ARRAS DAINVILLE
486,#VALEUR !,DAINVILLE,62000,CENTRE COMMERCIAL LECLERC ,"50,51265","2,68264",90°,C.CIAL LECLERC,ARRAS,DROITE,ND,MOBILIER URBAIN,2M2,DEROULANT,VITRINE,1220,1760,13/11/2020,11/01/2025,CUISINE REFERENCE
,#VALEUR !,DAINVILLE,62000,CENTRE COMMERCIAL LECLERC ,"50,51265","2,68264",90°,C.CIAL LECLERC,ARRAS,DROITE,ND,MOBILIER URBAIN,2M2,DEROULANT,VITRINE,1220,1760,12/06/2019,19/06/2025,DJN LAVAGE AUTO
LEMOINE ESPACES VERTS C.CIAL LECLERC 20250314_114004,#VALEUR !,DAINVILLE,62000,CENTRE COMMERCIAL LECLERC ,"50,51265","2,68264",90°,C.CIAL LECLERC,ARRAS,DROITE,ND,MOBILIER URBAIN,2M2,DEROULANT,VITRINE,1220,1760,"22,11,2013","01,08,2025",LEMOINE ESPACES VERTS
487,#VALEUR !,DAINVILLE,62000,CENTRE COMMERCIAL LECLERC ,"50,51265","2,68264",90°,C.CIAL LECLERC,ARRAS,DROITE,ND,MOBILIER URBAIN,2M2,DEROULANT,VITRINE,1220,1760,,,LETRAM
485,#VALEUR !,DAINVILLE,62000,CENTRE COMMERCIAL LECLERC  ,"50,51265","2,68264",90°,C.CIAL LECLERC,ARRAS,DROITE,ND,MOBILIER URBAIN,2M2,DEROULANT,VITRINE,1220,1760,01/06/2023,31/05/2025,DAMBRINE
261,,ETRUN,62161,ROUTE NATIONALE RD939,"50,31159","2,69281",90°,ST POL,ARRAS,DROITE,ND,MOBILIER URBAIN,2M2,DEROULANT,VITRINE,1220,1760,31/05/2025,30/06/2025,BUT
,#VALEUR !,ETRUN,62161,ROUTE NATIONALE RD939,"50,31097","2,69457",90°,ST POL,ARRAS,DROITE,ND,MOBILIER URBAIN,2M2,DEROULANT,VITRINE,1220,1760,13/11/2020,11/01/2025,CUISINE REFERENCE
264,,ETRUN,62161,ROUTE NATIONALE RD939,"50,31097","2,69457",90°,ST POL,ARRAS,DROITE,ND,MOBILIER URBAIN,2M2,DEROULANT,VITRINE,1220,1760,,,ESPRIT CARRELAGE
262,#VALEUR !,ETRUN,62161,ROUTE NATIONALE RD939,"50,31159","2,69281",90°,ST POL,ARRAS,DROITE,ND,MOBILIER URBAIN,2M2,DEROULANT,VITRINE,1220,1760,12/06/2023,12/07/2026,QUICK ARRAS
ETRUN PONT DU GY 20231025_104646,#VALEUR !,ETRUN,62161,ROUTE NATIONALE RD939,"50,310097","2,69457",90°,ST POL,ARRAS,DROITE,ED,MOBILIER URBAIN,2M2,DEROULANT,VITRINE,1220,1760,17/10/2023,23/10/2025,3 BRASSEURS ARRAS 
,#VALEUR !,ETRUN,62161,ROUTE NATIONALE RD939,"50,31201","2,69168",90°,ST POL,ARRAS,DROITE,ND,MOBILIER URBAIN,2M2,DEROULANT,VITRINE,1220,1760,,,LETRAM
260,#VALEUR !,ETRUN,62161,ROUTE NATIONALE RD939,"50,31201","2,69168",90°,ST POL,ARRAS,DROITE,ND,MOBILIER URBAIN,2M2,DEROULANT,VITRINE,1220,1760,"08,06,2022","06,10,2025",MAC DONALD ARRAS DAINVILLE
263,#VALEUR !,ETRUN,62161,ROUTE NATIONALE RD939,"50,31159","2,69281",90°,ST POL,ARRAS,DROITE,ND,MOBILIER URBAIN,2M2,DEROULANT,VITRINE,1220,1760,"13,12,2024",12/01/2026,QUADRO
259,#VALEUR !,ETRUN,62161,ROUTE NATIONALE RD939,"50,31201","2,69168",90°,ST POL,ARRAS,DROITE,ND,MOBILIER URBAIN,2M2,DEROULANT,VITRINE,1220,1760,17/12/2019,18/01/2026,PEPINIERES CARNEL
ALBERT AND CO 20221114_153652,#VALEUR !,ARRAS,62000,24 BOULEVARD CARNOT  ,"50,28727","2,77513",90°,ARRAS DE GAULLE,ARRAS GARE,DROITE,ED,MOBILIER URBAIN,2M2,DEROULANT,VITRINE,1220,1760,"18,10,2022","14,11,2024",SAS DE LART NOUVEAU 
438,#VALEUR !,ARRAS,62000,24 BOULEVARD CARNOT  ,"50,28727","2,77513",90°,ARRAS DE GAULLE,ARRAS GARE,DROITE,ND,MOBILIER URBAIN,2M2,DEROULANT,VITRINE,1220,1760,"18,10,2018","19,11,2024", CUISINES ARMONY
DUGOO BD CARNOT 2,#VALEUR !,ARRAS,62000,24 BOULEVARD CARNOT  ,"50,28727","2,77513",90°,ARRAS DE GAULLE,ARRAS GARE,DROITE,ND,MOBILIER URBAIN,2M2,DEROULANT,VITRINE,1220,1760,04/03/2013,08/04/2026,INTERMARCHE ACHICOURT
ARMONY 2M2,#VALEUR !,ARRAS,62000,24 BOULEVARD CARNOT  ,"50,28727","2,77513",90°,ARRAS DE GAULLE,ARRAS GARE,DROITE,D,MOBILIER URBAIN,2M2,DEROULANT,VITRINE,1220,1760,,,DISPONIBLE
439,#VALEUR !,ARRAS,62000,24 BOULEVARD CARNOT  ,"50,28727","2,77513",90°,ARRAS DE GAULLE,ARRAS GARE,DROITE,ND,MOBILIER URBAIN,2M2,DEROULANT,VITRINE,1220,1760,,,
,#VALEUR !,ST LAURENT BLANGY,62223,AVENUE DES DROITS DE L'HOMME ,"50,29533","2,78802",90°,ARRAS MONNET,ARRAS LOCOMOTIVE,DROITE,ND,MOBILIER URBAIN,2M2,DEROULANT,VITRINE,1220,1760,18/10/2021,30/11/2024,KRYS OPTIQUE LAGAISSE
,,ST LAURENT BLANGY,62223,AVENUE DES DROITS DE L'HOMME ,"50,29533","2,78802",90°,ARRAS MONNET,ARRAS LOCOMOTIVE,DROITE,ND,MOBILIER URBAIN,2M2,DEROULANT,VITRINE,1220,1760,09/07/2024,31/08/2025,AUX PUCES DE BEAURAINS 
ACE HOTEL 20211123_101013,#VALEUR !,ST LAURENT BLANGY,62223,AVENUE DES DROITS DE L'HOMME ,"50,29533","2,78802",90°,ARRAS MONNET,ARRAS LOCOMOTIVE,DROITE,ED,MOBILIER URBAIN,2M2,DEROULANT,VITRINE,1220,1760,05/09/2019,18/09/2025,ACE HOTEL 
306,#VALEUR !,ST LAURENT BLANGY,62223,AVENUE DES DROITS DE L'HOMME ,"50,29533","2,78802",90°,ARRAS MONNET,ARRAS LOCOMOTIVE,DROITE,ND,MOBILIER URBAIN,2M2,DEROULANT,VITRINE,1220,1760,10/06/2024,31/01/2026,HANDIMAT
QUICK SAINT LAURENT 20230713_103213,#VALEUR !,ST LAURENT BLANGY,62223,CD60  (ROND POINT LOCOMOTIVE),"50,29287","2,79344",90°, ZI EST,ARRAS MONNET,DROITE,ED,MOBILIER URBAIN,2M2,DEROULANT,VITRINE,1220,1760,12/06/2023,12/07/2026,QUICK ARRAS
,#VALEUR !,ST LAURENT BLANGY,62223,CD60  (ROND POINT LOCOMOTIVE),"50,29287","2,79344",90°, ZI EST,ARRAS MONNET,DROITE,ND,MOBILIER URBAIN,2M2,DEROULANT,VITRINE,1220,1760,28/08/2024,13/10/2025,KFC ARRAS 
307,,ST LAURENT BLANGY,62223,CD60  (ROND POINT LOCOMOTIVE),"50,29287","2,79344",90°, ZI EST,ARRAS MONNET,DROITE,ND,MOBILIER URBAIN,2M2,DEROULANT,VITRINE,1220,1760,17/10/2023,23/10/2025,3 BRASSEURS ARRAS
312,#VALEUR !,ST LAURENT BLANGY,62223,CD60  (ROND POINT LOCOMOTIVE),"50,29287","2,79344",90°, ZI EST,ARRAS MONNET,DROITE,ND,MOBILIER URBAIN,2M2,DEROULANT,VITRINE,1220,1760,13/12/2024,12/01/2026,QUADRO
313,#VALEUR !,ST LAURENT BLANGY,62223,CD60  (ROND POINT LOCOMOTIVE),"50,29287","2,79344",90°, ZI EST,ARRAS MONNET,DROITE,ND,MOBILIER URBAIN,2M2,DEROULANT,VITRINE,1220,1760,05/09/2019,31/12/2024,OPTICAL CENTER 
538,,LESQUIN,59810,25 ROUTE DE DOUAI ,"50,58775","3,08724",90°,LESQUIN CENTRE,A1,GAUCHE,ND,GRAND FORMAT,8M2,FIXE,TOLE,3280,2450,04/04/2011,19/04/2026,LECLERC SECLINDIS
MAISON HOUX,#VALEUR !,RUE,80120,30 RUE DE LA BARRIERE ,"50,27197","1,67723",90°,RUE CENTRE,ABBEVILLE,DROITE,D,GRAND FORMAT,4M2,FIXE,TOLE,2450,1650,,,DISPONIBLE
537,#VALEUR !,RUE,80120,30 RUE DE LA BARRIERE ,"50,27197","1,67723",90°,RUE CENTRE,ABBEVILLE,DROITE,ND,GRAND FORMAT,4M2,FIXE,TOLE,2450,1650,21/06/2023,20/06/2027,MAISON HOUX
,#VALEUR !,ST LAURENT BLANGY ,62223,RUE HENRI BARBUSSE,"50,30527","2,81937",90°,ST LAURENT CENTRE,ACTIPARC,DROITE,ND,MOBILIER URBAIN,2M2,FIXE,VITRINE,1220,1760,12/10/2023,11/10/2026,FISH CUT
86,#VALEUR !,ALBERT,80300,151 AVENUE DU GENERAL FAIDHERBE ,"50,00735","2,66389",90°,BAPAUME,ALBERT,DROITE,ND,GRAND FORMAT,6M2,FIXE,TOLE,3280,2050,12/12/2023,31/12/2026,CYNDRA PARC
542,#VALEUR !,ALBERT,80300,1 CHEMIN CROISE BELLEVUE ,"49,99357","2,6572",90°,ALBERT CENTRE,AMIENS,GAUCHE,ND,GRAND FORMAT,12M2,FIXE,TOLE,4000,3000,09/02/2021,16/07/2025,KING JOUET
142,#VALEUR !,SIN LE NOBLE,59450,682 AVENUE DES FUSILLES ,"50,35485","3,12082",90°,DOUAI,ANICHE,DROITE,ND,GRAND FORMAT,12M2,FIXE,TOLE,4000,3000,25/07/2019,25/07/2025,LECLERC BUGNIDIS
4M2 LECLERC  AUBERCHICOURT 2,#VALEUR !,AUBERCHICOURT,59165,93 ROUTE DE DOUAI,"50,3338","3,22747",90°,DOUAI,ANICHE,DROITE,ND,GRAND FORMAT,4M2,FIXE,TOLE,3080,1150,25/07/2019,25/07/2025,LECLERC BUGNIDIS
4M2 MARCHE AUX AFFAIRES,#VALEUR !,AUBERCHICOURT,59165,93 ROUTE DE DOUAI ,"50,3338","3,22747",90°,DOUAI,ANICHE,DROITE,ND,GRAND FORMAT,4M2,FIXE,TOLE,3080,1150,20/03/2024,09/04/2027,MARCHE AUX AFFAIRES
,#VALEUR !,ANZIN ST AUBIN,62223,RUE DES FILATIERS,"50,31392","2,75602",90°,ST CATHERINE,ANZIN ,DROITE,ND,MOBILIER URBAIN,2M2,FIXE,VITRINE,1220,1760,22/01/2024,28/02/2027,STAND BOXES
,#VALEUR !,ANZIN ST AUBIN,62223,RUE DU STADE,"50,30963","2,75059",90°,ARRAS ST POL,ANZIN ,DROITE,ND,MOBILIER URBAIN,2M2,FIXE,VITRINE,1220,1760,10/09/2024,18/09/2025,GOLF DARRAS
,#VALEUR !,ANZIN ST AUBIN,62223,RUE ROGER SALENGRO,"50,30778","2,75505",90°,ARRAS LORETTE,ANZIN ,DROITE,ND,MOBILIER URBAIN,2M2,FIXE,VITRINE,1220,1760,06/02/2024,28/02/2027,GOSSET
GOLF DARRAS ANZIN LOUEZ DIEU 20250312_100639,#VALEUR !,ANZIN ST AUBIN,62223,RUE DES FILATIERS,"50,31392","2,75602",90°,ANZIN,ST CATHERINE ,GAUCHE,ND,MOBILIER URBAIN,2M2,FIXE,VITRINE,1220,1760,25/02/2025,11/03/2026,GOLF DARRAS
269,#VALEUR !,HAUTE AVESNES,62144, ROUTE DEPARTEMENTALE ,"50,33183","2,64146",90°,ST POL,ARRAS,DROITE,ND,MOBILIER URBAIN,2M2,FIXE,VITRINE,1220,1760,17/04/2012,07/06/2025,ARTOIS AUTO IMPORT
270,#VALEUR !,HAUTE AVESNES,62144, ROUTE DEPARTEMENTALE ,"50,33204","2,64073",90°,ST POL,ARRAS,DROITE,ND,MOBILIER URBAIN,2M2,FIXE,VITRINE,1220,1760,29/01/2025,05/02/2026,GOSSET
274,,SAVY BERLETTE,62690, ROUTE DEPARTEMENTALE ,"50,34809","2,54962",90°,ST POL,ARRAS,DROITE,ND,MOBILIER URBAIN,2M2,FIXE,VITRINE,1220,1760,22/11/2024,31/12/2025,MARKET AUBIGNY EN ARTOIS
271,#VALEUR !,HAUTE AVESNES,62144, ROUTE DEPARTEMENTALE ,,,90°,ST POL,ARRAS,DROITE,ND,MOBILIER URBAIN,2M2,FIXE,VITRINE,1220,1760,26/09/2024,31/05/2029,MAC DONALD ARRAS DAINVILLE
522,,SAPIGNIES,62121,1 ROUTE NATIONALE  ,"50,13187","2,8381",90°,BAPAUME,ARRAS,GAUCHE,ND,GRAND FORMAT,4M2,FIXE,TOLE,2450,1650,"31,05,2012","13,06,2024",LV CONCEPT CUISINES
523,,SAPIGNIES,62121,1 ROUTE NATIONALE  ,"50,13187","2,8381",90°,BAPAUME,ARRAS,GAUCHE,ND,GRAND FORMAT,4M2,FIXE,TOLE,2450,1650,"31,05,2012","13,06,2024",LV CONCEPT CUISINES
511,#VALEUR !,BRIAS,62130,11 ROUTE DE BETHUNE,"50,4128","2,38058",90°,BETHUNE,ARRAS,DROITE,ND,GRAND FORMAT,4M2,FIXE,TOLE,2450,1650,"28,10,2020","11,07,2024",FERNAGUT
10M2 BREBIERES EUROPEAN HOME,#VALEUR !,BREBIERES,62117,1508  ROUTE NATIONALE ,"50,34008","3,02208",75°,DOUAI,ARRAS,GAUCHE,ED,GRAND FORMAT,6M2,FIXE,TOLE,3280,3050,11/01/2024,31/07/2024, EUROPEAN HOMES
143,#VALEUR !,SIN LE NOBLE,59450,172 AVENUE DU MARECHAL LECLERC,"50,35912","3,1104",90°,DOUAI,ARRAS,DROITE,ND,GRAND FORMAT,8M2,FIXE,TOLE,3280,3050,06/12/2022,21/02/2026,BURGER KING MASNY
155,#VALEUR !,BREBIERES,62117,1968 ROUTE NATIONALE,"50,34206","3,02834",90°,DOUAI,ARRAS,GAUCHE,ND,GRAND FORMAT,12M2,FIXE,TOLE,4000,3000,29/05/2012,11/06/2025, HYPER U VITRY FRANLAUGE 
456,#VALEUR !,ARRAS,62000,237 ROUTE DE CAMBRAI,"50,28287","2,80307",90°,TILLOY,ARRAS,DROITE,ND,GRAND FORMAT,4M2,FIXE,TOLE,2450,1650,29/01/2010,18/03/2026,LEROY MERLIN ARRAS
455,#VALEUR !,ARRAS,62000,237 ROUTE DE CAMBRAI ,"50,28287","2,80307",90°,TILLOY,ARRAS,DROITE,ND,GRAND FORMAT,4M2,FIXE,TOLE,2450,1650,11/12/2019,09/01/2025,HANDIMAT
,#VALEUR !,THELUS,62580,24 ROUTE NATIONALE ,"50,35674","2,79034",90°,LENS,ARRAS,DROITE,ND,GRAND FORMAT,4M2,FIXE,TOLE,2450,1650,26/09/2024,28/09/2029,MAC DONALD ARRAS DAINVILLE
503,,THELUS,62580,24 ROUTE NATIONALE ,"50,35674","2,79034",90°,LENS,ARRAS,DROITE,ND,PRE ENSEIGNE,"1,5M2",FIXE,TOLE,1500,1000,06/07/2009,14/07/2024,LEROY MERLIN ARRAS
457,#VALEUR !,ARRAS,62000,249 ROUTE DE CAMBRAI ,"50,28272","2,80394",90°,TILLOY,ARRAS,DROITE,ND,GRAND FORMAT,8M2,FIXE,TOLE,3280,2450,21/11/2023,31/12/2026,LECLERC ARRADIS
498,,SOUCHEZ,62153,25 RUE PASTEUR ,"50,39364","2,7424",90°),BETHUNE,ARRAS,DROITE,ND,GRAND FORMAT,8M2,FIXE,TOLE,3280,2460,11/01/2019,11/12/2024,FRENCH ALU
,#VALEUR !,FRESNES LES MONTAUBAN,62490,31  ROUTE NATIONALE ,"50,33457","2,93061",90°,DOUAI,ARRAS,DROITE,ND,GRAND FORMAT,4M2,FIXE,TOLE,3080,1150,"05,04,2023",01/05/2026,LES FERMIERS DE L'ARTOIS
,#VALEUR !,FRESNES LES MONTAUBAN,62490,31 ROUTE NATIONALE ,"50,33457","2,93061",90°,DOUAI,ARRAS,DROITE,ND,GRAND FORMAT,4M2,FIXE,TOLE,3080,1150,11/02/2021,08/02/2025,LV CONCEPT CUISINES
79,#VALEUR !,TILLOY LES MOFLAINES,62217,36 ROUTE DE CAMBRAI ,"50,2783","2,82092",90°,CAMBRAI,ARRAS,GAUCHE,ND,GRAND FORMAT,4M2,FIXE,TOLE,2450,1650,05/05/2022,31/12/2025,ARRAS CARRELAGES
80,#VALEUR !,TILLOY LES MOFLAINES,62217,36 ROUTE DE CAMBRAI ,"50,2783","2,82092",90°,CAMBRAI,ARRAS,GAUCHE,ND,GRAND FORMAT,4M2,FIXE,TOLE,3080,1650,,,BURGER KING BEAURAINS
255,#VALEUR !,ETRUN,62161,4 ROUTE NATIONALE ,"50,31239","2,69135",90°,ST POL,ARRAS,GAUCHE,ND,GRAND FORMAT,4M2,FIXE,TOLE,3080,1150,31/01/2022,23/02/2025,DJN LAVAGE AUTO
443,#VALEUR !,ARRAS,62000,44 AVENUE WINSTON CHURCHILL ,"50,29758","2,7565",90°,ST POL,ARRAS,GAUCHE,ND,GRAND FORMAT,8M2,FIXE,TOLE,"4,92","1,65",05/06/2013,18/06/2024,CARROSSERIE MANTEL
83,#VALEUR !,TILLOY LES MOFLAINES,62217,5 ROUTE DE CAMBRAI ,"50,27952","2,81675",90°,CAMBRAI,ARRAS,DROITE,ND,GRAND FORMAT,4M2,FIXE,TOLE,3080,1650,22/11/2024,31/12/2025,AUCHAN ARRAS
AUCHAN TILLOY LES MOFLAINES 20240228_160501,#VALEUR !,TILLOY LES MOFLAINES,62217,5 ROUTE DE CAMBRAI ,"50,27952","2,81675",90°,CAMBRAI,ARRAS,DROITE,D,GRAND FORMAT,4M2,FIXE,TOLE,3080,1650,19/08/2020,30/08/2024,DISPONIBLE
Capture d'écran 2024-01-23 102837,#VALEUR !,POMMERA,62760,5 ROUTE NATIONALE ,"50,17181","2,44137",90°,DOULLENS,ARRAS,DROITE,D,GRAND FORMAT,4M2,FIXE,TOLE,2450,1650,21/11/2023,31/12/2026,DISPONIBLE
Capture d'écran 2024-01-23 102837,#VALEUR !,POMMERA,62760,5 ROUTE NATIONALE ,"50,17181","2,44137",90°,DOULLENS,ARRAS,DROITE,D,GRAND FORMAT,4M2,FIXE,TOLE,2450,1650,21/11/2023,31/12/2026,DISPONIBLE
12,#VALEUR !,BEAURAINS,62217,52 RUE PIERRE CURIE  ,"50,26047","2,78632",90°,BAPAUME,ARRAS,DROITE,ND,MOBILIER URBAIN,2M2,FIXE,VITRINE,1220,1760,22/10/2015,14/07/2025,LEROY MERLIN ARRAS
LECLERC LAMBRES 20210907_101306,#VALEUR !,LAMBRES LES DOUAI,59552,602 ROUTE D'ARRAS ,"50,36091","3,05921",90°,DOUAI,ARRAS,DROITE,ND,GRAND FORMAT,8M2,FIXE,TOLE,3280,2450,11/01/2017,30/04/2025,LECLERC DOUAIDISTRIBUTION
,,VITRY EN ARTOIS,62490,62 ROUTE NATIONALE  ,"50,33295","2,98317",90°,DOUAI,ARRAS,GAUCHE,ND,GRAND FORMAT,12M2,FIXE,TOLE,4000,3000,20/01/2020,05/07/2025,SPEED RABBIT PIZZA
158,,BREBIERES,62117,637 ROUTE NATIONALE ,"50,33739","3,01068",90°,DOUAI,ARRAS,DROITE,ND,PRE ENSEIGNE,"1,5M2",FIXE,TOLE,1500,1000,06/07/2009,14/07/2024,LEROY MERLIN ARRAS
153,#VALEUR !,LAMBRES LES DOUAI,59552,654 ROUTE D'ARRAS ,"50,36071","3,05883",90°,DOUAI,ARRAS,DROITE,ND,GRAND FORMAT,8M2,FIXE,TOLE,4000,2450,12/04/2012,09/05/2025,ASPINOV
459,,ARRAS,62000,67 ROUTE DE BUCQUOY ,"50,27676","2,77473",90°,ACHICOURT,ARRAS,DROITE,ND,GRAND FORMAT,12M2,FIXE,TOLE,4000,3000,21/11/2023,31/12/2026,LECLERC ARRADIS
82,#VALEUR !,TILLOY LES MOFLAINES,62217,7  ROUTE DE CAMBRAI ,"50,27952","2,81675",90°,TILLOY,ARRAS,DROITE,ND,GRAND FORMAT,4M2,FIXE,TOLE,1650,2450,21/11/2023,31/12/2026,LECLERC ARRADIS
81,#VALEUR !,TILLOY LES MOFLAINES,62217,7 ROUTE DE CAMBRAI ,"50,27952","2,81675",90°,CAMBRAI,ARRAS,DROITE,ND,GRAND FORMAT,4M2,FIXE,TOLE,1650,2450,07/09/2022,11/09/2026,MAC DONALD BEAURAINS RESTAURATION
460,,ST CATHERINE LES ARRAS,62223,70 ROUTE NATIONALE ,"50,30382","2,76364",90°,LENS,ARRAS,GAUCHE,ND,GRAND FORMAT,4M2,FIXE,TOLE,2450,1650,21/11/2023,31/12/2026,LECLERC ARRADIS
461,,ST CATHERINE LES ARRAS,62223,70 ROUTE NATIONALE ,"50,30382","2,76364",90°,LENS,ARRAS,GAUCHE,ND,GRAND FORMAT,4M2,FIXE,TOLE,2450,1650,21/11/2023,31/12/2026,LECLERC ARRADIS
92,,VIS EN ARTOIS,62156,73 ROUTE NATIONALE ,"50,24694","2,94393",90°,CAMBRAI,ARRAS,DROITE,ND,GRAND FORMAT,4M2,FIXE,TOLE,2450,1650,21/11/2023,31/12/2026,LECLERC ARRADIS
93,,VIS EN ARTOIS,62156,73 ROUTE NATIONALE ,"50,24694","2,94393",90°,CAMBRAI,ARRAS,DROITE,ND,GRAND FORMAT,4M2,FIXE,TOLE,2450,1650,21/11/2023,31/12/2026,LECLERC ARRADIS
,,ETRUN,62161,8 ROUTE NATIONALE,"50,3115","2,69373",90°,ST POL,ARRAS,GAUCHE,ND,GRAND FORMAT,4M2,FIXE,TOLE,3080,1650,15/02/2023,21/02/2025,BISTROT REGENT  NCB RESTAURATION
,,ETRUN,62161,8 ROUTE NATIONALE ,"50,3115","2,69373",90°,ST POL,ARRAS,GAUCHE,ND,GRAND FORMAT,4M2,FIXE,TOLE,3080,1650,09/10/2020,26/10/2025,DUFETEL
,,ST LAURENT BLANGY ,62223,AVENUE DES DROITS DE L'HOMME ,"50,2959","2,7862",90°,ST LAURENT ARTOIS EXPO,ARRAS,DROITE,ND,MOBILIER URBAIN,2M2,FIXE,VITRINE,1220,1760,14/01/2021,14/02/2025,LV CONCEPT CUISINES
BK ARRAS MOBILIER SITUE AVENUE DIMMERCOURT A ST LAURENT BLANGY  20221025_120249,#VALEUR !,ST LAURENT BLANGY,62223,AVENUE D'IMMERCOURT ,"50,29228","2,80609",90°,ZI EST CAMBRAI,ARRAS,DROITE,ND,MOBILIER URBAIN,2M2,FIXE,VITRINE,1220,1760,14/02/2017,14/03/2026,BURGER KING ARRAS
310,,ST LAURENT BLANGY,62223,CD60 AVENUE DES DROITS DE LHOMME ,"50,29518","2,78884",90°,TILLOY,ARRAS,DROITE,ND,MOBILIER URBAIN,2M2,FIXE,VITRINE,1220,1760,"30,04,2019","04,07,2025",BIO EN ARTOIS
489,,DAINVILLE,62000,CENTRE COMMERCIAL LECLERC ,"50,28356","2,73852",90°,DAINVILLE,ARRAS,DROITE,ND,MOBILIER URBAIN,2M2,FIXE,VITRINE,1220,1760,02/02/2017,09/02/2025,LV CONCEPT CUISINES
279,,TINCQUES,62127,ROUTE DEPARTEMENTALE ,"50,35166","2,4885",90°,ST POL,ARRAS,DROITE,ND,MOBILIER URBAIN,2M2,FIXE,VITRINE,1220,1760,08/02/2019,28/02/2026,LE CARRE DE RAMECOURT
,,TINCQUES,62127,ROUTE DEPARTEMENTALE ,"50,3542","2,48606",90°,ST POL,ARRAS,GAUCHE,ND,MOBILIER URBAIN,2M2,FIXE,VITRINE,1220,1760,22/11/2024,31/12/2025,ALDIMARCHE AUBIGNY
,,CROIX EN TERNOIS,62130,ROUTE DEPARTEMENTALE ,"50,38132","2,27539",90°,LE TOUQUET,ARRAS,GAUCHE,ND,MOBILIER URBAIN,2M2,FIXE,VITRINE,1220,1760,30/11/2022,25/12/2025,MAC DONALD ST POL CAMPALICE
,,,62156,ROUTE DEPARTEMENTALE 939,"50,25099","2,92983",90°,CAMBRAI,ARRAS,DROITE,ND,MOBILIER URBAIN,2M2,FIXE,VITRINE,1220,1760,18/10/2021,30/11/2024,KRYS OPTIQUE LAGAISSE 
493,,SOUCHEZ,62153,ROUTE DEPARTEMENTALE 947 ,"50,39584","2,74228",90°,BETHUNE,ARRAS,DROITE,ND,MOBILIER URBAIN,2M2,FIXE,VITRINE,1220,1760,04/03/2022,31/12/2027,ART ET FENETRES ATLANTIDE
GAM VERT,#VALEUR !,SOUCHEZ,62153,ROUTE DEPARTEMENTALE 947 ,"50,38298","2,74338",90°,BETHUNE,ARRAS,DROITE,D,MOBILIER URBAIN,2M2,FIXE,VITRINE,1220,1760,,,DISPONIBLE
,#VALEUR !,BEAUMETZ LES LOGES,62123,ROUTE NATIONALE,"50,24336","2,66294",90°,DOULLENS,ARRAS,DROITE,ND,MOBILIER URBAIN,2M2,FIXE,VITRINE,1220,1760,"24,09,2021","30,09,2024",CONTART FREDDY EIRL 
,,VITRY EN ARTOIS,62490,ROUTE NATIONALE,"50,33256","2,97523",90°,DOUAI,ARRAS,DROITE,ND,MOBILIER URBAIN,2M2,FIXE,VITRINE,1220,1760,21/11/2023,31/12/2026,NOREVIE
,,MERCATEL,62217,ROUTE NATIONALE,"50,23802","2,79977",90°,BAPAUME,ARRAS,DROITE,ND,MOBILIER URBAIN,2M2,FIXE,VITRINE,1220,1760,18/10/2021,30/11/2024,KRYS OPTIQUE LAGAISSE
,,POMMERA,62760,ROUTE NATIONALE,"50,17078","2,43361",90°,DOULLENS,ARRAS,DROITE,ND,GRAND FORMAT,4M2,FIXE,TOLE,3080,1150,26/09/2024,14/03/2029,MAC DONALD ARRAS DAINVILLE
88,,VIS EN ARTOIS,62156,ROUTE NATIONALE ,"50,24899","2,93808",90°,CAMBRAI,ARRAS,DROITE,ND,MOBILIER URBAIN,2M2,FIXE,VITRINE,1220,1760,14/12/2012,24/05/2025, HYPER U VITRY FRANLAUGE 
184,,FRESNES LES MONTAUBAN,62490,ROUTE NATIONALE ,"50,33448","2,9361",90°,DOUAI,ARRAS,DROITE,ND,MOBILIER URBAIN,2M2,FIXE,VITRINE,1220,1760,12/09/2011,01/11/2024,SUPER U LA GRIOTTE
ROAD FOOD20220425_170740,#VALEUR !,BEHAGNIES,62121,ROUTE NATIONALE ,"50,14436","2,83208",90°,BAPAUME,ARRAS,DROITE,ND,MOBILIER URBAIN,2M2,FIXE,VITRINE,1220,1760,13/04/2022,24/04/2025,ROAD FOOD
246,,L'ARBRET BAVINCOURT,62158,ROUTE NATIONALE ,"50,21193","2,55422",90°,DOULLENS,ARRAS,DROITE,ND,MOBILIER URBAIN,2M2,FIXE,VITRINE,1220,1760,10/12/2003,31/12/2025,GOSSET
248,,L'ARBRET BAVINCOURT,62158,ROUTE NATIONALE ,"50,21459","2,56477",90°,DOULLENS,ARRAS,DROITE,ND,MOBILIER URBAIN,2M2,FIXE,VITRINE,1220,1760,21/11/2023,31/12/2026,LECLERC ARRADIS
256,,ETRUN,62161,ROUTE NATIONALE ,"50,3104","2,69704",90°,ST POL,ARRAS,GAUCHE,ND,MOBILIER URBAIN,2M2,FIXE,VITRINE,1220,1760,21/11/2023,31/12/2026,LECLERC ARRADIS
LES CHERUBINS,#VALEUR !,BEHAGNIES,62121,ROUTE NATIONALE ,"50,14104","2,83344",90°,BAPAUME,ARRAS,DROITE,ND,MOBILIER URBAIN,2M2,FIXE,VITRINE,1220,1760,"14,10,2020","30,11,2025",FERNAGUT
89,,VIS EN ARTOIS,62156,ROUTE NATIONALE ,"50,2493","2,93639",90°,CAMBRAI,ARRAS,DROITE,ND,MOBILIER URBAIN,2M2,FIXE,VITRINE,1220,1760,15/09/2015,11/10/2024,LV CONCEPT CUISINES
91,,VIS EN ARTOIS,62156,ROUTE NATIONALE ,"50,24999","2,9338",90°,CAMBRAI,ARRAS,DROITE,ND,MOBILIER URBAIN,2M2,FIXE,VITRINE,1220,1760,14/02/2024,14/03/2026,CERES  
185,,FRESNES LES MONTAUBAN,62490,ROUTE NATIONALE ,"50,33431","2,97678",90°,DOUAI,ARRAS,DROITE,ND,MOBILIER URBAIN,2M2,FIXE,VITRINE,1220,1760,17/10/2023,23/10/2025,3 BRASSEURS ARRAS
247,,L'ARBRET BAVINCOURT,62158,ROUTE NATIONALE ,"50,2128","2,55751",90°,DOULLENS,ARRAS,DROITE,ND,MOBILIER URBAIN,2M2,FIXE,VITRINE,1220,1760,30/05/2024,05/06/2025,FERNAGUT
BK ETRUN 20240411_100048,#VALEUR !,ETRUN,62161,ROUTE NATIONALE ,"50,31097","2,69457",90°,ST POL,ARRAS,DROITE,ND,MOBILIER URBAIN,2M2,FIXE,VITRINE,1220,1760,15/02/2024,11/04/2026,BURGER KING ARRAS
160,,VITRY EN ARTOIS,62490,ROUTE NATIONALE  ,"50,33347","2,98473",90°,DOUAI,ARRAS,DROITE,ND,MOBILIER URBAIN,2M2,FIXE,VITRINE,1220,1760,16/04/2020,23/03/2026, CL AUTO RENAULT
175,,VITRY EN ARTOIS,62490,ROUTE NATIONALE  ,"50,33251","2,97777",90°,DOUAI,ARRAS,DROITE,ND,GRAND FORMAT,8M2,FIXE,TOLE,3280,2450,16/08/2012,31/05/2025, HYPER U VITRY FRANLAUGE 
20220414_170033,#VALEUR !,BOYELLES,62128,ROUTE NATIONALE  ,"50,20311","2,81329",90°,BAPAUME,ARRAS,DROITE,ND,MOBILIER URBAIN,2M2,FIXE,VITRINE,1220,1760,07/04/2022,14/04/2026,WATISSEE PVM
52,,BOIRY BECQUERELLE,62128,ROUTE NATIONALE  ,"50,21114","2,81048",90°,ZI EST,ARRAS,DROITE,ND,MOBILIER URBAIN,2M2,FIXE,VITRINE,1220,1760,07/09/2022,14/09/2025, MAC DONALD BEAURAINS RESTAURATION
54,,BOIRY BECQUERELLE,62128,ROUTE NATIONALE  ,"50,21946","2,81093",90°,BAPAUME,ARRAS,DROITE,ND,MOBILIER URBAIN,2M2,FIXE,VITRINE,1220,1760,19/08/2020,30/08/2025,CARROSSERIE MANTEL
ART ET FENETRES boiry becquerelle 20220325_140651,#VALEUR !,BOIRY BECQUERELLE,62128,ROUTE NATIONALE  ,"50,22032","2,81045",90°,BAPAUME,ARRAS,DROITE,ND,MOBILIER URBAIN,2M2,FIXE,VITRINE,1220,1760,"08,10,2024",24/03/2028,ART ET FENETRES ATLANTIDE
53,,BOIRY BECQUERELLE,62128,ROUTE NATIONALE  ,"50,21548","2,80157",90°,BAPAUME,ARRAS,DROITE,ND,MOBILIER URBAIN,2M2,FIXE,VITRINE,1220,1760,21/11/2023,31/12/2026,LECLERC ARRADIS
163,,VITRY EN ARTOIS,62490,ROUTE NATIONALE  ,"50,33254","2,97521",90°,DOUAI,ARRAS,DROITE,ND,MOBILIER URBAIN,2M2,FIXE,VITRINE,1220,1760,"10,01,2015",18/01/2026,MAC DONALD FRESNES LES MONTAUBAN
HENNINOT COUVERTURE,#VALEUR !,MERCATEL,62217,ROUTE NATIONALE  ,"50,23538","2,8014",90°,BAPAUME,ARRAS,DROITE,ED,MOBILIER URBAIN,2M2,FIXE,VITRINE,1220,1760,10/06/2024,09/06/2025,HENNINOT COUVERTURE
161,,VITRY EN ARTOIS,62490,ROUTE NATIONALE  ,"50,33337","2,98376",90,DOUAI,ARRAS,DROITE,ND,MOBILIER URBAIN,2M2,FIXE,VITRINE,1220,1760,"26,09,2018","30,09,2024",WATISSEE PVM
HYPER U ROUTE NATIONALE,#VALEUR !,VITRY EN ARTOIS,62490,ROUTE NATIONALE FACE 36  ,"50,33353","2,98556",90°,DOUAI,ARRAS,DROITE,ND,MOBILIER URBAIN,2M2,FIXE,VITRINE,1220,1760,27/03/2013,09/04/2026, HYPER U VITRY FRANLAUGE 
UDRIVE ROUTE DARRAS,#VALEUR !,CAMBRAI,59400,27 RUE D'ARRAS ,"50,17802","3,21433",90°,CAMBRAI,ARRAS ,GAUCHE,ND,GRAND FORMAT,12M2,FIXE,TOLE,4000,3000,17/03/2013,31/03/2026, HYPER U BARALLE ABRICOT 
454,#VALEUR !,ARRAS,62000,135 RUE GEORGES AUPHELLE ,"50,28919","2,7487",90°,DAINVILLE,ARRAS BAUDIMONT,DROITE,ND,MOBILIER URBAIN,2M2,FIXE,VITRINE,1220,1760,26/12/2008,30/11/2024,LEROY MERLIN ARRAS
442,#VALEUR !,ARRAS,62000,44 AVENUE WINSTON CHURCHILL ,"50,29758","2,7565",90°,ARRAS C.CIAL AUCHAN,ARRAS BAUDIMONT,GAUCHE,ND,GRAND FORMAT,4M2,FIXE,TOLE,4100,1650,21/11/2023,31/12/2026,LECLERC ARRADIS
449,,ARRAS,62000,12 RUE BAUDIMONT ,"50,29341","2,76721",90°,ARRAS BAUDIMONT,ARRAS CENTRE,GAUCHE,ND,GRAND FORMAT,6M2,FIXE,TOLE,3280,2050,,,GARAGE DU GY
448,,ARRAS,62000,12 RUE BAUDIMONT ,"50,29341","2,76721",90°,ARRAS BAUDIMONT,ARRAS CENTRE,GAUCHE,ND,GRAND FORMAT,6M2,FIXE,TOLE,3280,2050,21/11/2023,31/12/2026,LECLERC ARRADIS
458,,ARRAS,62000,01 ROUTE DE CHANZY,,,90°,ARRAS MONNET,ARRAS GARE,GAUCHE,ND,GRAND FORMAT,12M2,FIXE,TOLE,4000,3000,21/11/2023,31/12/2026,LECLERC ARRADIS
,#VALEUR !,ARRAS,62000,191 ROUTE DE CAMBRAI,"50,28385","2,79908",90°,TILLOY,ARRAS GARE,DROITE,ND,GRAND FORMAT,8M2,FIXE,TOLE,3280,2450,16/07/2024,13/08/2025,CENTRE TECHNIQUE DE L'HABITAT
,,ARRAS,62000,65 ROUTE DE CAMBRAI ,"50,28607","2,79034",90°,ARRAS UNIVERSITE,ARRAS GARE,DROITE,ND,GRAND FORMAT,12M2,FIXE,TOLE,4000,2450,21/11/2023,31/12/2026,LECLERC ARRADIS 
88 route de cambrai 20231009_102246,#VALEUR !,ARRAS,62000,88 ROUTE DE CAMBRAI ,,,90°,TILLOY,ARRAS GARE,GAUCHE,D,GRAND FORMAT,"4,5M2",FIXE,TOLE,3850,1120,,,DISPONIBLE
444,,ARRAS,62000,9 ROUTE DE CAMBRAI ,"50,2873","2,78614",90°,ARRAS UNIVERSITE,ARRAS GARE,GAUCHE,ND,GRAND FORMAT,12M2,FIXE,TOLE,4000,3000,21/11/2023,31/12/2026,LECLERC ARRADIS
LECLERC BD FAIDHERBE 20211103_083451,#VALEUR !,ARRAS,62000,24 BOULEVARD FAIDHERBE ,"50,28962","2,78221",90°,ARRAS GARE,ARRAS MONNET,DROITE,D,PRE ENSEIGNE,"1,5M2",FIXE,TOLE,1500,1000,,,DISPONIBLE
450,#VALEUR !,ARRAS,62000,24 BOULEVARD FAIDHERBE ,"50,28962","2,78221",90°,ARRAS GARE,ARRAS MONNET,DROITE,ND,GRAND FORMAT,7M2,FIXE,TOLE,1500,6000,21/11/2023,31/12/2026,LECLERC ARRADIS
,,ST LAURENT BLANGY,62223,AVENUE DES DROITS DE LHOMME ,"50,29415","2,79082",90°,ZI EST,ARRAS MONNET,DROITE,ND,MOBILIER URBAIN,2M2,FIXE,VITRINE,1220,1760,"05,04,2022","01,10,2024",AP UTILITAIRE
309,,ST LAURENT BLANGY,62223,CD60 AVENUE DES DROITS DE LHOMME ,"50,29461","2,79056",90°,ZI EST,ARRAS MONNET,DROITE,ND,MOBILIER URBAIN,2M2,FIXE,VITRINE,1220,1760,24/06/2019,15/06/2026,MAC DONALD ARRAS DAINVILLE
ARMONY CUISINES,#VALEUR !,TILLOY LES MOFLAINES,62217,4 ROUTE DE CAMBRAI ,"50,2797","2,81514",90°,TILLOY / A1,ARRAS/ BEAURAINS,GAUCHE,ED,GRAND FORMAT,4M2,FIXE,TOLE,3080,1150,"18,10,2018",, CUISINES ARMONY
STEMPNIAK,#VALEUR !,FECHAIN,59247,6 RUE JULES DOMISE,"50,2669","3,21989",90°,BOUCHAIN,AUBENCHEUL AU BAC,GAUCHE,D,GRAND FORMAT,4M2,FIXE,TOLE,2450,1650,,,DISPONIBLE
280,,TINCQUES,62127,ROUTE DEPARTEMENTALE ,"50,35473","2,48456",90°,ST POL,AUBIGNY,DROITE,ND,MOBILIER URBAIN,2M2,FIXE,VITRINE,1220,1760,"24,09,2020","07,10,2024",LA BOITE A DOUDOU
20201223_141516,#VALEUR !,AUBIGNY EN ARTOIS,62690,RUE DE CAMBLIGNEUL,"50,35646","2,5919",90°,CAMBLIGNEUL,AUBIGNY,DROITE,ED,MOBILIER URBAIN,2M2,FIXE,VITRINE,1220,1760,24/09/2020,31/12/2025,LA BOITE A DOUDOU
LA BOITE A DOUDOU AUBIGNY LAMIOT,#VALEUR !,AUBIGNY EN ARTOIS,62690,RUE GEORGES LAMIOT,"50,34792","2,58243",90°,RD939,AUBIGNY,DROITE,ED,MOBILIER URBAIN,2M2,FIXE,VITRINE,1220,1760,24/09/2020,17/12/2025,LA BOITE A DOUDOU
IDEES CARRELAGE 20220926_154105,#VALEUR !,HAISNES,62138,ROUTE DEPARTEMENTALE 941 ,"50,52163","2,7982",90°,LA BASSEE,AUCHY,DROITE,ND,MOBILIER URBAIN,2M2,FIXE,VITRINE,1220,1760,27/02/2015,28/02/2025,IDEES CARRELAGE
LUXURY FLOWERS 20221006_080433,#VALEUR !,HAISNES,62138,ROUTE DEPARTEMENTALE 941 ,"50,2632","2,80347",90°,LA BASSEE,AUCHY,DROITE,ND,MOBILIER URBAIN,2M2,FIXE,VITRINE,1220,1760,14/02/2024,14/03/2025,CERES  
ALDIMARCHE HAISNES,#VALEUR !,HAISNES,62138,ROUTE DEPARTEMENTALE 941 ,"50,21168","2,79859",90°,LA BASSEE,AUCHY,DROITE,ND,PANNEAU,8M2,FIXE,TOLE,3280,2450,22/11/2024,31/12/2025,ALDIMARCHE AUCHY LES MINES
296,,ST LAURENT BLANGY,62223,RUE CAUCHY SORTIE VILLE ,"50,30522","2,80194",90°,ST LAURENT CENTRE,BAILLEUL,DROITE,ND,MOBILIER URBAIN,2M2,FIXE,VITRINE,1220,1760,21/11/2023,31/12/2026,LECLERC ARRADIS
69,#VALEUR !,BAPAUME,62450,149 RUE DU FAUBOURG DE PERONNE ,"50,09814","2,85709",90°,PERONNE,BAPAUME,GAUCHE,ND,GRAND FORMAT,4M2,FIXE,TOLE,2450,1650,03/07/2023,02/07/2026,OPTIC 2000 BAPAUME
,#VALEUR !,BAPAUME,62450,AVENUE ABEL GUIDET,"50,09775","2,85762",90°,PERONNE,BAPAUME,DROITE,ND,MOBILIER URBAIN,2M2,FIXE,VITRINE,1220,1760,22/11/2025,31/12/2025,ALDIMARCHE BAPAUME
MOBILIER URBAIN BK BEAURAINS  RUE PIERRE CURIE 20220616_092740,#VALEUR !,BEAURAINS,62217,AVENUE DE LA REPUBLIQUE,"50,27041","2,78425",90°,ARRAS,BAPAUME,DROITE,ND,MOBILIER URBAIN,2M2,FIXE,VITRINE,1220,1760,"30,05,2022",15/06/2025,BURGER KING BEAURAINS
64,#VALEUR !,BAPAUME,62450,AVENUE DES FRERES COING ,"50,1061","2,84808",90°,ARRAS,BAPAUME,DROITE,ND,MOBILIER URBAIN,2M2,FIXE,VITRINE,1220,1760,08/10/2024,31/12/2027,ART ET FENETRES ATLANTIDE
2,,BEAURAINS,62217,FACE AU N°2 RUE DE LA REPUBLIQUE   ,"50,26517","2,78416",90°,ARRAS,BAPAUME,DROITE,ND,MOBILIER URBAIN,2M2,FIXE,VITRINE,1220,1760,"28,06,2017","17,07,2025",FERMOTHERM
1,#VALEUR !,BEAURAINS,62217,FACE AU N°8 RUE DE LA REPUBLIQUE          ,"50,26573","2,78462",90°,ARRAS,BAPAUME,DROITE,ND,MOBILIER URBAIN,2M2,FIXE,VITRINE,1220,1760,"24,06,2019","25,07,2027",MAC DONALD ARRAS DAINVILLE
,#VALEUR !,BAPAUME,62450,GIRATOIRE RD930/RD917,"50,10614","2,86623",90°,CAMBRAI,BAPAUME,DROITE,ND,MOBILIER URBAIN,2M2,FIXE,VITRINE,1220,1760,03/07/2023,02/07/2024,OPTIC 2000 BAPAUME
,,FREMICOURT,62450,ROUTE DEPARTEMENTALE 930 ,"50,11227","2,89686",90°,CAMBRAI,BAPAUME,DROITE,ND,MOBILIER URBAIN,2M2,FIXE,VITRINE,1220,1760,"16,09,2020","15,09,2025",KRYS BAPAUME
AUTO 2000,#VALEUR !,BEHAGNIES,62121,ROUTE NATIONALE ,"50,14321","2,83288",90°,ARRAS,BAPAUME,DROITE,ND,MOBILIER URBAIN,2M2,FIXE,VITRINE,1220,1760,"19,06,2016","02,07,2025",AUTO 2000
MAC DONALD ,#VALEUR !,BEHAGNIES,62121,ROUTE NATIONALE ,"50,1406","2,83328",90°,ARRAS,BAPAUME,DROITE,ND,MOBILIER URBAIN,2M2,FIXE,VITRINE,1220,1760,23/01/2019,23/01/2025,MAC DONALD BAPAUME RESTAURATION
49,,BOIRY BECQUERELLE,62128,ROUTE NATIONALE  ,"50,21977","2,81048",90°,ARRAS,BAPAUME,DROITE,ND,MOBILIER URBAIN,2M2,FIXE,VITRINE,1220,1760,17/06/2022,30/06/2025, SNC LOREE DES CHAMPS
50,,BOIRY BECQUERELLE,62128,ROUTE NATIONALE  ,"50,21634","2,81247",90°,ARRAS,BAPAUME,DROITE,ND,MOBILIER URBAIN,2M2,FIXE,VITRINE,1220,1760,09/09/2024,11/09/2025,AYROLE JEROME SAFTI
CREACIER 20240528_115430,#VALEUR !,MERCATEL,62217,ROUTE NATIONALE  ,"50,2349","2,80138",90°,ARRAS,BAPAUME,DROITE,ED,MOBILIER URBAIN,2M2,FIXE,VITRINE,1220,1760,13/05/2024,12/05/2025,CREACIER
56,,BOYELLES,62128,ROUTE NATIONALE  ,"50,20328","2,81275",90°,ARRAS,BAPAUME,DROITE,ND,MOBILIER URBAIN,2M2,FIXE,VITRINE,1220,1760,07/03/2022,22/09/2025,PEPINIERES CARNEL
51,,BOIRY BECQUERELLE,62128,ROUTE NATIONALE  ,"50,21093","2,81229",90°,ARRAS,BAPAUME,DROITE,ND,MOBILIER URBAIN,2M2,FIXE,VITRINE,1220,1760,"03,04,2019",14/04/2026,WATISSEE PVM
,,BAPAUME,62450,RUE DE DOUAI,"50,10541","2,85159",90°,DOUAI,BAPAUME,DROITE,ND,MOBILIER URBAIN,2M2,FIXE,VITRINE,1220,1760,,,MAIRIE BAPAUME
68,#VALEUR !,BAPAUME,62450,RUE DE LA REPUBLIQUE ,"50,10509","2,86278",90°,CAMBRAI,BAPAUME,DROITE,ND,MOBILIER URBAIN,2M2,FIXE,VITRINE,1220,1760,08/10/2024,31/12/2027,ART ET FENETRES ATLANTIDE
63,#VALEUR !,BAPAUME,62450,RUE DES FRERES DAVION ,"50,10721","2,84636",90°,ALBERT CENTRE,BAPAUME,GAUCHE,ND,MOBILIER URBAIN,2M2,FIXE,VITRINE,1220,1760,03/07/2023,30/08/2025,OPTIC 2000 BAPAUME
,#VALEUR !,BAPAUME,62450,RUE DU FAUBOURG DARRAS,"50,1076","2,84726",90°,ARRAS,BAPAUME,DROITE,ND,MOBILIER URBAIN,2M2,FIXE,VITRINE,1220,1760,16/04/2024,31/05/2027,KFC ALBERT
,#VALEUR !,BAPAUME,62450,RUE DU FAUBOURG D'ARRAS ,"50,11191","2,85685",90°,ARRAS,BAPAUME,GAUCHE,ND,MOBILIER URBAIN,2M2,FIXE,VITRINE,1220,1760,22/11/2025,31/12/2025,ALDIMARCHE BAPAUME
62,#VALEUR !,BAPAUME,62450,RUE DU FAUBOURG D'ARRAS 62450 BAPAUME,"50,10777","2,84758",90°,ARRAS,BAPAUME,GAUCHE,ND,MOBILIER URBAIN,2M2,FIXE,VITRINE,1220,1760,"16,09,2020","15,09,2025",KRYS BAPAUME
66,#VALEUR !,BAPAUME,62450,RUE DU FAUBOURG DE PERONNE ,"50,09824","2,85691",90°,PERONNE,BAPAUME,DROITE,ND,MOBILIER URBAIN,2M2,FIXE,VITRINE,1220,1760,"16,09,2020","15,09,2025",KRYS BAPAUME
,,BEAURAINS,62217,RUE PIERRE CURIE  ,"50,25956","2,78659",90°,ARRAS,BAPAUME,DROITE,ND,MOBILIER URBAIN,2M2,FIXE,VITRINE,1220,1760,28/11/2022,26/04/2026,PEPINIERES CARNEL
445,,ARRAS,62000,10 RUE GUSTAVE COLIN ,"50,28809","2,78564",90°,ARRAS,BEAURAINS,DROITE,ND,GRAND FORMAT,6M2,FIXE,TOLE,3280,2050,07/09/2022,02/10/2026,MAC DONALD BEAURAINS RESTAURATION
446,,ARRAS,62000,10 RUE GUSTAVE COLIN ,"50,28809","2,78564",90°,ARRAS,BEAURAINS,DROITE,ND,GRAND FORMAT,6M2,FIXE,TOLE,3280,2050,23/11/2017,31/01/2026,HANDIMAT
308,,ST LAURENT BLANGY,62223,AVENUE DES DROITS DE L'HOMME ,"50,29401","2,79041",90°,ARRAS MONNET,BEAURAINS,DROITE,ND,MOBILIER URBAIN,2M2,FIXE,VITRINE,1220,1760,15/09/2015,11/10/2024,LV CONCEPT CUISINES
BK ST LAURENT AVENUE DIMMERCOURT  E20220728_162818,#VALEUR !,ST LAURENT BLANGY,62223,AVENUE D'IMMERCOURT ,"50,29315","2,80523",90°,ST LAURENT MAIRIE,BEAURAINS,DROITE,ND,MOBILIER URBAIN,2M2,FIXE,VITRINE,1220,1760,"30,05,2022",15/06/2025,BURGER KING BEAURAINS
10,,BEAURAINS,62217,AVENUE FRANCOIS MITTERRAND ,"50,25988","2,79865",90°,NEUVILLE VITASSE,BEAURAINS,DROITE,ND,MOBILIER URBAIN,2M2,FIXE,VITRINE,1220,1760,04/03/2022,14/09/2025,ART ET FENETRES ATLANTIDE
9,,BEAURAINS,62217,AVENUE FRANCOIS MITTERRAND ,"50,26127","2,79544",90°,NEUVILLE VITASSE,BEAURAINS,DROITE,ND,MOBILIER URBAIN,2M2,FIXE,VITRINE,1220,1760,07/09/2022,31/01/2026,MAC DONALD BEAURAINS RESTAURATION
BK CD60 A ST LAURENT BLANGY 20230605_153113,#VALEUR !,ST LAURENT BLANGY,62223,CD260 SQUARE LAURENT  ,"50,29243","2,79426",90°,ARRAS MONNET,BEAURAINS,DROITE,ND,MOBILIER URBAIN,2M2,FIXE,VITRINE,1220,1760,30/05/2022,15/06/2025,BURGER KING BEAURAINS 
MAC DONALD SAINT LAURENT BLANGY DROITS DE LHOMME20220916_102442,#VALEUR !,ST LAURENT BLANGY,62223,CD60  (SORTIE VILLE),"50,2944","2,78976",90°,ARRAS MONNET,BEAURAINS,DROITE,ND,MOBILIER URBAIN,2M2,FIXE,VITRINE,1220,1760,07/09/2022,27/06/2026,MAC DONALD BEAURAINS RESTAURATION
3,,BEAURAINS,62217,RUE PIERRE CURIE  ,"50,26502","2,78409",90°,ARRAS,BEAURAINS,DROITE,ND,MOBILIER URBAIN,2M2,FIXE,VITRINE,1220,1760,"04,03,2022","15,10,2027",ART ET FENETRES ATLANTIDE
8,,BEAURAINS,62217,RUE PIERRE CURIE  ,"50,26234","2,78573",90°,BAPAUME,BEAURAINS,DROITE,ND,MOBILIER URBAIN,2M2,FIXE,VITRINE,1220,1760,"11,05,2017","30,06,2025",CITY BOXE
6,,BEAURAINS,62217,RUE PIERRE CURIE  ,"50,25696","2,78847",90°,ARRAS,BEAURAINS,DROITE,ND,MOBILIER URBAIN,2M2,FIXE,VITRINE,1220,1760,21/11/2023,31/12/2026,LECLERC ARRADIS
5,,BEAURAINS,62217,RUE PIERRE CURIE  ,"50,25680","2,78824",90°,ARRAS,BEAURAINS,DROITE,ND,MOBILIER URBAIN,2M2,FIXE,VITRINE,1220,1760,15/09/2015,31/01/2025,LV CONCEPT CUISINES
20240926_141043,#VALEUR !,BEAURAINS,62217,RUE PIERRE CURIE  ,"50,26097","2,78583",90°,ARRAS,BEAURAINS,DROITE,ED,MOBILIER URBAIN,2M2,FIXE,VITRINE,1220,1760,31/07/2023,16/08/2025,ALINE LOOCK
,,BEAURAINS,62217,CD60,"50,26713","2,79703",90°,TILLOY,BEAURAINS ZI,DROITE,ND,MOBILIER URBAIN,2M2,FIXE,VITRINE,1220,1760,"14,11,2022","20,11,2025",ML AUTOMOBILE
242,,BEAURAINS,62217,ROUTE DE TILLOY ,"50,2665","2,79582",90°,TILLOY,BEAURAINS ZI,GAUCHE,ND,MOBILIER URBAIN,2M2,FIXE,,1220,1760,,, BELLES CUISINES
DISPO CONCHIL LE TEMPLE ,#VALEUR !,CONCHIL LE TEMPLE,62180,RD940 E2,"50,37317","1,66141",90°,MONTREUIL,BERCK,GAUCHE,D,MOBILIER URBAIN,1M2,FIXE,VITRINE MURALE,800,1200,,,DISPONIBLE
513,,BETHUNE,62400,AVENUE WASHINGTON ,"50,53802","2,65962",90°,ESSARS,BETHUNE,DROITE,ND,GRAND FORMAT,12M2,FIXE,TOLE,4000,3000,"24,09,2019","22,10,2024",FG AUTOMOBILES
SPEEDY,#VALEUR !,SAINS EN GOHELLE,62114,ROUTE DEPARTEMENTALE ,"50,44315","2,69446",90°,ARRAS,BETHUNE,DROITE,ND,MOBILIER URBAIN,2M2,FIXE,VITRINE,1220,1760,09/09/2015,23/09/2025,2 B CARS
218,,MAZINGARBE,62670,ROUTE DEPARTEMENTALE 943 ,"50,47111","2,75026",90°,LENS,BETHUNE,DROITE,ND,MOBILIER URBAIN,2M2,FIXE,VITRINE,1220,1760,15/12/2017,20/12/2025,AUTO DISTRIBUTION
217,,MAZINGARBE,62670,ROUTE DEPARTEMENTALE 943 62670 MAZINGARBE,"50,46608","2,75975",90°,LENS,BETHUNE,DROITE,ND,MOBILIER URBAIN,2M2,FIXE,VITRINE,1220,1760,04/07/2023,14/07/2025,DI NAPOLI PIZZA
496,,SOUCHEZ,62153,ROUTE DEPARTEMENTALE 947 ,"50,38709","2,74371",90°,ARRAS,BETHUNE,DROITE,ND,MOBILIER URBAIN,2M2,FIXE,VITRINE,1220,1760,04/03/2022,31/12/2026,ART ET FENETRES ATLANTIDE
497,,SOUCHEZ,62153,ROUTE DEPARTEMENTALE 947 ,"50,38279","2,74359",90°,ARRAS,BETHUNE,DROITE,ND,MOBILIER URBAIN,2M2,FIXE,VITRINE,1220,1760,"15,09,2022","05,10,2024",OM2 CARRELAGE
181,,BIACHE SAINT VAAST,62118,RUE ALBERT THOMAS ,"50,30645","2,95471",90°,VITRY,BIACHE,DROITE,ND,MOBILIER URBAIN,2M2,FIXE,VITRINE,1220,1760,14/12/2012,17/01/2024,SUPER U LA GRIOTTE
180,,BIACHE SAINT VAAST,62118,RUE BERTHELOT ,"50,30347","2,95323",90°,HAMBLAIN,BIACHE,DROITE,ND,MOBILIER URBAIN,2M2,FIXE,VITRINE,1220,1760,14/12/2012,17/01/2024,SUPER U LA GRIOTTE
,,BIACHE SAINT VAAST,62118,RUE DU GENERAL DE GAULLE ,"50,30737","2,95076",90°,HAMBLAIN,BIACHE,DROITE,ND,MOBILIER URBAIN,2M2,FIXE,VITRINE,1220,1760,28/11/2022,18/12/2025,OPTIMHOME
179,,BIACHE SAINT VAAST,62118,RUE GAMBETTA ,"50,31319","2,93056",90°,PLOUVAIN,BIACHE,DROITE,ND,MOBILIER URBAIN,2M2,FIXE,VITRINE,1220,1760,14/12/2012,17/01/2024,SUPER U LA GRIOTTE
182,,BIACHE SAINT VAAST,62118,RUE GENERAL DE GAULLE ,"50,31472","2,95927",90°,VITRY,BIACHE,GAUCHE,ND,MOBILIER URBAIN,2M2,FIXE,VITRINE,1220,1760,14/12/2012,17/01/2024,SUPER U LA GRIOTTE
178,,BIACHE SAINT VAAST,62118,RUE JULES GUESDE ,"50,3207","2,94052",90°,FRESNES,BIACHE,DROITE,ND,MOBILIER URBAIN,2M2,FIXE,VITRINE,1220,1760,14/12/2012,17/01/2024,SUPER U LA GRIOTTE
,,DROCOURT,62320,50 RUE ALBERT SAUSSEZ,"50,39036","20,9214",90°,ARRAS,BOIS BERNARD,DROITE,ND,GRAND FORMAT,6M2,FIXE,TOLE,3280,2450,08/02/2022,07/03/2026,KARINE WALERJAN
BK BEAURAINS REPUBLIQUE 20220728_145418,#VALEUR !,BEAURAINS,62217,RUE JEAN JAURES,"50,2627","2,79141",90°,BEAURAINS MAIRIE,BOREAL PARC,DROITE,ND,MOBILIER URBAIN,2M2,FIXE,VITRINE,1220,1760,"30,05,2022",15/06/2025,BURGER KING BEAURAINS
ART ET FENETRES,#VALEUR !,HESDIGNEUL,62360,57 RUE DU 4 SEPTEMBRE ,"50,50048","2,58547",90°,BETHUNE,BRUAY,DROITE,ED,GRAND FORMAT,12M2,FIXE,TOLE,4000,3000,04/03/2022,30/01/2025,DISPONIBLE
,,DECHY,59187,1 ROUTE DE CAMBRAI,"50,33763","3,09946",90°,DOUAI,BUGNICOURT,GAUCHE,ND,GRAND FORMAT,12M2,FIXE,TOLE,4000,3000,20/12/2019,09/01/2026,LECLERC BUGNIDIS
LECLERC,#VALEUR !,BOVES,80440,32 RUE DES DEPORTES ,"49,84778","2,39345",90°,AILLY,C.CIAL GLISY,DROITE,ED,PRE ENSEIGNE,"1,5M2",FIXE,TOLE,1500,1000,05/11/2012,30/11/2024,LECLERC RIVERY
447,,ARRAS,62000,10 RUE GUSTAVE COLIN ,"50,28809","2,78564",90°,ARRAS GARE,CAMBRAI,DROITE,ND,GRAND FORMAT,12M2,FIXE,TOLE,4000,3000,21/11/2023,31/12/2026,LECLERC ARRADIS
111,,CAMBRAI,59400,1289 AVENUE DE PARIS ,"50,15934","3,22488",90,PROVILLE,CAMBRAI,DROITE,ND,GRAND FORMAT,12M2,FIXE,TOLE,4000,3000,"09,12,2022","31,08,2026",CHAUFFAGE LEFEBVRE
112,,CAMBRAI,59400,1289 AVENUE DE PARIS ,"50,15934","3,22488",90°,PROVILLE,CAMBRAI,DROITE,ND,GRAND FORMAT,8M2,FIXE,TOLE,4000,3000,"08,12,2023",31/12/2025,VERTDIS
14 RUE DU MARECHAL JOFFRE,#VALEUR !,IWUY,59141,14 RUE JOFFRE ,"50,23125","3,32245",90°,HORDAIN,CAMBRAI,GAUCHE,D,GRAND FORMAT,4M2,FIXE,TOLE,2450,1650,25/11/2021,13/12/2024,DISPONIBLE 
85,,TILLOY LES MOFLAINES,62217,6 ROUTE NATIONALE  ,"50,27955","2,81591",90°,ARRAS,CAMBRAI,DROITE,ND,GRAND FORMAT,4M2,FIXE,TOLE,1650,2450,29/03/2013,30/04/2026, HYPER U BARALLE ABRICOT 
114,,CAMBRAI,59400,AVENUE DU CATEAU ,"50,16595","3,27332",90°,CAUDRY,CAMBRAI,DROITE,ND,GRAND FORMAT,12M2,FIXE,TOLE,4000,3000,"08,12,2023",31/12/2025,VERTDIS
101,,CAMBRAI,59400,ROUTE DE BAPAUME ,"50,17526","3,21004",90°,BAPAUME,CAMBRAI,DROITE,ND,GRAND FORMAT,8M2,FIXE,TOLE,4000,2450,24/06/2024,14/07/2027, CENTRE TACHY CAMBRAI
FORD AVENUE GEORGES POMPIDOU,#VALEUR !,CAMBRAI,59400,ROUTE DE BAPAUME ,"50,17515","3,21062",90°,BAPAUME,CAMBRAI,DROITE,ND,GRAND FORMAT,12M2,FIXE,TOLE,4000,3000,01/02/2015,14/05/2026,AUTOVALE BLEU CAMBRAI
,,INCHY,59540,ROUTE DEPARTEMENTALE 643,"50,12088","3,46894",90°,LE CATEAU,CAMBRAI,DROITE,ND,MOBILIER URBAIN,2M2,FIXE,VITRINE,1220,1760,29/11/2022,05/05/2025,ADN ESCALIER
DI HABITAT  20221025_104803,#VALEUR !,INCHY,59540,ROUTE DEPARTEMENTALE 644,"50,12263","3,4631",90°,LE CATEAU,CAMBRAI,DROITE,D,MOBILIER URBAIN,2M2,FIXE,VITRINE,1220,1760,18/10/2022,24/10/2024,DISPONIBLE
,,FREMICOURT,62450,ROUTE DEPARTEMENTALE 930 ,"50,11203","2,89652",90°,BAPAUME,CAMBRAI,DROITE,ND,MOBILIER URBAIN,2M2,FIXE,VITRINE,1220,1760,27/05/2019,01/07/2026,WATISSEE PVM
,,VIS EN ARTOIS,62156,ROUTE DEPARTEMENTALE 939,"50,2508","2,92972",90°,ARRAS,CAMBRAI,DROITE,ND,MOBILIER URBAIN,2M2,FIXE,VITRINE,1220,1760,13/10/2021,14/10/2024,WATISSEE PVM
118,,CARNIERES,59217,ROUTE NATIONALE ,"50,14907","3,34718",90°,CAUDRY,CAMBRAI,DROITE,ND,MOBILIER URBAIN,2M2,FIXE,VITRINE,1220,1760,28/11/2022,14/01/2025,ALERTE NUISIBLES
135,#VALEUR !,AUBENCHEUL AU BAC,59265,ROUTE NATIONALE ,"50,25804","3,15888",90°,DOUAI,CAMBRAI,DROITE,ND,MOBILIER URBAIN,2M2,FIXE,VITRINE,1220,1760,18/03/2024,17/03/2025,SNC GILISA08
127,,BEAUVOIS EN CAMBRESIS,59157,ROUTE NATIONALE ,"50,14179","3,37862",90°,LE CATEAU,CAMBRAI,DROITE,ND,MOBILIER URBAIN,2M2,FIXE,VITRINE,1220,1760,30/05/2024,02/10/2024,BOUYGUES TELECOM
138,,BUGNICOURT,59151,ROUTE NATIONALE ,"50,25403","3,1622",90°,DOUAI,CAMBRAI,DROITE,ND,MOBILIER URBAIN,2M2,FIXE,VITRINE,1220,1760,05/08/2024,18/08/2025,DUO CONFORT BY MAISON THOREL
139,,BUGNICOURT,59151,ROUTE NATIONALE ,"50,28463","3,15494",90°,DOUAI,CAMBRAI,DROITE,ND,MOBILIER URBAIN,2M2,FIXE,VITRINE,1220,1760,18/02/2022,02/03/2025,LC CLIM
LE CONTEMPORAIN 20240424_090204,#VALEUR !,BEAUVOIS EN CAMBRESIS,59157,ROUTE NATIONALE ,"50,13951","3,38864",90°,LE CATEAU,CAMBRAI,DROITE,ND,MOBILIER URBAIN,2M2,FIXE,VITRINE,1220,1760,17/04/2024,17/04/2029,LE CONTEMPORAIN
VAL IMMO 20220303_112840,#VALEUR !,AUBENCHEUL AU BAC,59265,ROUTE NATIONALE ,"50,25364","3,16213",90°,DOUAI,CAMBRAI,DROITE,D,MOBILIER URBAIN,2M2,FIXE,VITRINE,1220,1760,18/02/2022,02/03/2025,DISPONIBLE
133,#VALEUR !,AUBENCHEUL AU BAC,59265,ROUTE NATIONALE ,"50,25509","3,16121",90°,DOUAI,CAMBRAI,DROITE,ND,MOBILIER URBAIN,2M2,FIXE,VITRINE,1220,1760,"14,10,2020","18,11,2025",FERNAGUT
90,,VIS EN ARTOIS,62156,ROUTE NATIONALE ,"50,24958","2,93468",90°,ARRAS,CAMBRAI,DROITE,ND,MOBILIER URBAIN,2M2,FIXE,VITRINE,1220,1760,22/04/2024,21/04/2025,SIX HORTICULTURE
20240415_111531,#VALEUR !,AUBENCHEUL AU BAC,59265,ROUTE NATIONALE ,"50,25469","3,16175",90°,DOUAI,CAMBRAI,DROITE,ND,MOBILIER URBAIN,2M2,FIXE,VITRINE,1220,1760,29/08/2018,02/09/2026,WATISSEE PVM
67,#VALEUR !,BAPAUME,62450,RUE DE LA REPUBLIQUE ,"50,10397","2,85848",90°,BAPAUME,CAMBRAI,DROITE,ND,MOBILIER URBAIN,2M2,FIXE,VITRINE,1220,1760,"17,12,2012",09/01/2026, HYPER U BARALLE ABRICOT 
208,,ANNOEULLIN,59112,1 RUE DE TOURRAINE ,"50,52299","2,93649",90°,ANNOEULIN  MAIRIE,CARVIN,GAUCHE,ND,GRAND FORMAT,8M2,FIXE,TOLE,3280,2450,04/11/2020,31/03/2025,LECLERC CARVIDIS
209,,ANNOEULLIN,59112,1 RUE DE TOURRAINE ,"50,52299","2,93649",90°,ANNOEULIN  MAIRIE,CARVIN,GAUCHE,ND,GRAND FORMAT,8M2,FIXE,TOLE,3280,2460,"27,10,2020","22,11,2025",MORTELECQUE
LECLERC CARVIN,#VALEUR !,CAMPHIN EN CAREMBAULT,59133,2 ROUTE NATIONALE ,"50,51561","2,98702",90°,SECLIN,CARVIN,DROITE,ND,GRAND FORMAT,4M2,FIXE,TOLE,3080,1150,04/11/2020,31/03/2025,LECLERC CARVIDIS
202,,CAMPHIN EN CAREMBAULT,59133,2 ROUTE NATIONALE ,"50,51561","2,98702",90°,SECLIN,CARVIN,DROITE,ND,GRAND FORMAT,4M2,FIXE,TOLE,3080,1150,15/04/2015,07/06/2025,MAC DONALD CARVIN CAAB SARL
516,,ANNOEULLIN,59112,24 BIS RUE ROGER SALENGRO ,"50,52905","2,93607",90°,GONDECOURT,CARVIN,GAUCHE,ND,PRE ENSEIGNE,"1,5M2",FIXE,TOLE,1500,1000,04/11/2020,31/03/2026,BRICO LECLERC
207,,CARVIN,62220,27 ROUTE DE LENS ,"50,47461","2,9226",90°,LENS,CARVIN,DROITE,ND,GRAND FORMAT,8M2,FIXE,TOLE,3280,2450,04/11/2020,31/03/2025,LECLERC CARVIDIS
IANNI IMMO 2,,LIBERCOURT,62820,8 AVENUE DARCHICOURT,"50,48227","3,00344",90°,LIBERCOURT,CARVIN,GAUCHE,ND,GRAND FORMAT,4M2,FIXE,TOLE,2450,1650,06/05/2021,25/05/2025,IANNI IMMO
IMG_48771,#VALEUR !,LIBERCOURT,62820,8 AVENUE DARCHICOURT ,"50,48227","3,00344",90°,LIBERCOUT,CARVIN,GAUCHE,ND,PRE ENSEIGNE,"1,5M2",FIXE,TOLE,1500,1000,27/04/2024,05/06/2025,IDRI ASMA
COIFF SABINE 20240819_095200,#VALEUR !,LIBERCOURT,62820,8 AVENUE DARCHICOURT ,"50,48227","3,00344",90°,LIBERCOUT,CARVIN,GAUCHE,ND,PRE ENSEIGNE,"1,5M2",FIXE,TOLE,1500,1000,11/07/2024,18/08/2025,COIFF SABINE
521,,CARVIN,62220,ROUTE DEPARTEMENTALE 917 ,"50,48078","2,95184",90°,LENS,CARVIN,GAUCHE,ND,GRAND FORMAT,12M2,FIXE,TOLE,4920,2450,15/04/2015,07/06/2025,MAC DONALD CARVIN CAAB SARL
DISPO ROUTE NATIONALE,#VALEUR !,BEAUMONT EN CAMBRESIS,59540,RD643,"50,12375","3,4567",90°,LE CATEAU,CAUDRY,DROITE,D,MOBILIER URBAIN,2M3,FIXE,VITRINE,1220,1760,,,DISPONIBLE
125,,BEAUVOIS EN CAMBRESIS,59157,ROUTE NATIONALE ,"50,1391","3,38915",90°,CAMBRAI,CAUDRY,DROITE,ND,MOBILIER URBAIN,2M2,FIXE,VITRINE,1220,1760,"04,09,2023","24,10,2025",AU COMPTOIR DU MATERIEL MEDICAL
LE CONTEMPORAIN 20240424_091824,#VALEUR !,BEAUVOIS EN CAMBRESIS,59157,ROUTE NATIONALE ,"50,13959","3,3885",90°,LE  CATEAU,CAUDRY,DROITE,ND,MOBILIER URBAIN,2M2,FIXE,VITRINE,1220,1760,17/04/2024,17/04/2029,LE CONTEMPORAIN
 20240424_090334,#VALEUR !,BEAUVOIS EN CAMBRESIS,59157,ROUTE NATIONALE 59157 BEAUVOIS EN CAMBRESIS,"50,14259","3,37432",90°,CAMBRAI,CAUDRY,DROITE,ED,MOBILIER URBAIN,2M2,FIXE,VITRINE,1220,1760,08/04/2015,28/04/2025,BUFFALO GRILL CAUDRY
196,,COURCELLES LES LENS,62970,7 RUE PRESSENCE ,"50,41743","3,01848",90°,RN,COURCELLES MAIRIE,DROITE,ND,GRAND FORMAT,12M2,FIXE,TOLE,4000,3000,"18,04,2019","09,12,2025",LECLERC COURCELDIS
197,,COURCELLES LES LENS,62970,78 RUE RAOUL BRIQUET ,"50,42105","3,00971",90°,NOYELLES,COURCELLES MAIRIE,GAUCHE,ND,GRAND FORMAT,8M2,FIXE,TOLE,3280,2450,"18,04,2019","09,12,2025",LECLERC COURCELDIS
,,COURRIERES,62710,11 RUE MAURICE TILLOY ,"50,46219","2,94212",90°,CARVIN,COURRIERES,DROITE,ND,GRAND FORMAT,4M2,FIXE,TOLE,2450,1650,05/12/2019,17/12/2025,KARINE WALERJAN
,,COURRIERES,62710,17 RUE ARTHUR LAMENDIN,"50,45499","2,94647",90°,OIGNIES,COURRIERES,DROITE,ND,GRAND FORMAT,4M2,FIXE,TOLE,2450,1650,14/02/2020,05/03/2026,KARINE WALERJAN
,,COURRIERES,62710,72 RUE RAOUL BRIQUET,"50,45098","2,94395",90°,HENIN,COURRIERES,GAUCHE,ND,GRAND FORMAT,8M2,FIXE,TOLE,3280,2460,05/12/2019,16/12/2025,KARINE WALERJAN
,,DAINVILLE,62000,111 AVENUE MERMOZ,"50,28092","2,73288",90°,DOULLENS,DAINVILLE,GAUCHE,ND,GRAND FORMAT,4M2,FIXE,TOLE,3080,1650,04/03/2022,31/12/2027,ART ET FENETRES ATLANTIDE
483,,DAINVILLE,62000,111 AVENUE MERMOZ ,"50,28092","2,73288",90°,DOULLENS,DAINVILLE,GAUCHE,ND,GRAND FORMAT,4M2,FIXE,TOLE,3080,1150,,,AQUAFIT
453,,ARRAS,62000,135 RUE GEORGES AUPHELLE ,"50,28919","2,7487",90°,ARRAS BAUDIMONT,DAINVILLE,GAUCHE,ND,MOBILIER URBAIN,2M2,FIXE,VITRINE,1220,1760,21/11/2023,31/12/2026,LECLERC ARRADIS
452,,ARRAS,62000,56 RUE DES ŒILLETS ,"50,29506","2,74111",45°,ARRAS AUCHAN,DAINVILLE,GAUCHE,ND,GRAND FORMAT,12M2,FIXE,TOLE,4000,3000,21/11/2023,31/12/2026,LECLERC ARRADIS
,#VALEUR !,ACHICOURT,62217,65 RUE RAOUL BRIQUET,"50,26961","2,7547",90°,ACHICOURT,DAINVILLE,DROITE,ND,GRAND FORMAT,4M2,FIXE,TOLE,2450,1650,03/12/2019,10/01/2026,LIDL DAINVILLE
,,DAINVILLE,62000,8 AVENUE SAINT EXUPERY,"50,27957","2,73099",90°,ARRAS,DAINVILLE ZI,GAUCHE,ND,GRAND FORMAT,4M2,FIXE,TOLE,3080,1150,21/11/2023,31/12/2026,LECLERC ARRADIS
,,DAINVILLE,62000,8 AVENUE SAINT EXUPERY ,"50,27957","2,73099",90°,ARRAS,DAINVILLE ZI,GAUCHE,ND,GRAND FORMAT,4M2,FIXE,TOLE,3080,1150,21/11/2023,31/12/2026,LECLERC ARRADIS
198,,COURCELLES LES LENS,62970,12 RUE JULES FERRY ,"50,40888","3,00734",90°,HENIN,DOUAI,GAUCHE,ND,GRAND FORMAT,12M2,FIXE,TOLE,4000,3000,"18,04,2019","09,12,2025",LECLERC COURCELDIS
191,,FLERS EN ESCREBIEUX,59128,122 ROUTE NATIONALE 43 ,"50,40376","3,02788",90°,HENIN,DOUAI,GAUCHE,ND,GRAND FORMAT,12M2,FIXE,TOLE,4000,3000,"17,10,2017","28,11,2025",ASPINOV
,,FLERS EN ESCREBIEUX,59128,122 ROUTE NATIONALE 43 ,"50,40386","3,0276",90°,HENIN,DOUAI,GAUCHE,ND,GRAND FORMAT,12M2,FIXE,TOLE,3280,2450,16/02/2024,14/03/2026,NOREVIE
AVENUE DU MARECHAL LECLERC A SIN LE NOBLE ,#VALEUR !,SIN LE NOBLE,59450,172 AVENUE DU MARECHAL LECLERC,"50,35912","3,1104",90°,DECHY,DOUAI,DROITE,D,GRAND FORMAT,5M2,FIXE,TOLE,1600,3000,,,DISPONIBLE
144,,SIN LE NOBLE,59450,172 AVENUE DU MARECHAL LECLERC,"50,35912","3,1104",90°,DECHY,DOUAI,DROITE,ND,GRAND FORMAT,8M2,FIXE,TOLE,3280,3050,14/09/2022,20/12/2025,ASSELIN MIGANI
156,,BREBIERES,62117,1968 ROUTE NATIONALE ,"50,34206","3,02834",90°,ARRAS,DOUAI,DROITE,ND,GRAND FORMAT,12M2,FIXE,TOLE,4000,3000,14/12/2012,31/12/2025, HYPER U VITRY FRANLAUGE 
,#VALEUR !,AUBERCHICOURT,59165,28 ROUTE DE DOUAI ,"50,33377","3,23603",90°,ANICHE,DOUAI,DROITE,ND,GRAND FORMAT,4M2,FIXE,TOLE,3080,1150,25/07/2019,25/07/2025,LECLERC BUGNIDIS
THEYS COURCELLES LES LENS,#VALEUR !,COURCELLES LES LENS,62970,30 RUE JULES FERRY ,"50,41052","3,00119",90°,NOYELLES,DOUAI,DROITE,D,GRAND FORMAT,12M2,FIXE,TOLE,4000,3000,25/04/2018,27/08/2024,DISPONIBLE
148,,WAZIERS,59119,34 ROUTE DE TOURNAI ,"50,38577","3,09916",90°,TOURNAI,DOUAI,DROITE,ND,GRAND FORMAT,12M2,FIXE,TOLE,4000,3000,28/02/2013,23/05/2026,LECLERC DOUAIDISTRIBUTION
150,,WAZIERS,59119,38 ROUTE DE TOURNAI ,"50,38593","3,09935",90°,TOURNAI,DOUAI,DROITE,ND,GRAND FORMAT,7M2,FIXE,TOLE,4000,1650,18/12/2018,24/01/2025,DISPONIBLE
187,,FRESNES LES MONTAUBAN,62490,5 ROUTE NATIONALE ,"50,33445","2,93484",90°,ARRAS,DOUAI,GAUCHE,ND,GRAND FORMAT,4M2,FIXE,TOLE,3080,1650,"09,10,2018","25,11,2025",ASPINOV
188,,FRESNES LES MONTAUBAN,62490,5 ROUTE NATIONALE ,"50,33445","2,93484",90°,ARRAS,DOUAI,GAUCHE,ND,GRAND FORMAT,4M2,FIXE,TOLE,3080,1650,"09,10,2018","25,11,2025",ASPINOV
141,,SIN LE NOBLE,59450,682 AVENUE DES FUSILLES ,"50,35485","3,12082",90°,ANICHE,DOUAI,GAUCHE,ND,GRAND FORMAT,12M2,FIXE,TOLE,4000,3000,27/09/2012,30/09/2024,STRAP CASH METAL 
152,,LAMBRES LES DOUAI,59552,690 FAUBOURG D'ARRAS ,"50,36054","3,05834",90°,ARRAS,DOUAI,GAUCHE,ND,GRAND FORMAT,8M2,FIXE,TOLE,4920,1250,26/08/2024,10/09/2027,PCR CONSEIL
151,,LAMBRES LES DOUAI,59552,718 ROUTE D'ARRAS ,"50,3603","3,05789",90°,ARRAS,DOUAI,GAUCHE,ND,GRAND FORMAT,8M2,FIXE,TOLE,4920,2450,13/10/2011,14/02/2025,MAC DONALD DOUAI 
189,,VITRY EN ARTOIS,62490,ROUTE NATIONALE ,"50,33317","2,98556",90°,ARRAS,DOUAI,DROITE,ND,GRAND FORMAT,4M2,FIXE,TOLE,2450,1650,19/11/2021,18/11/2026, MECA CONCEPT
136,,BUGNICOURT,59151,ROUTE NATIONALE ,"50,28622","3,1546",90°,CAMBRAI ,DOUAI,DROITE,ND,MOBILIER URBAIN,2M2,FIXE,VITRINE,1220,1760,08/12/2014,11/12/2024,CAMPING LES SORBIERS
132,#VALEUR !,AUBENCHEUL AU BAC,59265,ROUTE NATIONALE ,"50,25438","3,16192",90°,CAMBRAI,DOUAI,DROITE,ND,MOBILIER URBAIN,2M2,FIXE,VITRINE,1220,1760,08/04/2024,14/04/2027,WATISSEE PVM
,#VALEUR !,AUBENCHEUL AU BAC,59265,ROUTE NATIONALE ,"50,25303","3,1628",90°,CAMBRAI,DOUAI,DROITE,ND,MOBILIER URBAIN,2M2,FIXE,VITRINE,1220,1760,25/07/2019,25/07/2025,LECLERC BUGNIDIS
186,,FRESNES LES MONTAUBAN,62490,ROUTE NATIONALE ,"50,33422","2,93572",90°,ARRAS,DOUAI,DROITE,ND,MOBILIER URBAIN,2M2,FIXE,VITRINE,1220,1760,20/08/2012,31/07/2025,LECLERC DOUAIDISTRIBUTION
20230525_140119,#VALEUR !,BUGNICOURT,59151,ROUTE NATIONALE ,"50,2916","3,15032",90°,CAMBRAI,DOUAI,DROITE,ND,MOBILIER URBAIN,2M2,FIXE,VITRINE,1220,1760,14/02/2024,31/03/2026,CERES  
,#VALEUR !,AUBENCHEUL AU BAC,59265,ROUTE NATIONALE ,"50,25509","3,16121",90°,CAMBRAI ,DOUAI,GAUCHE,ND,MOBILIER URBAIN,2M2,FIXE,VITRINE,1220,1760,"05,08,2024",18/08/2025,DUO CONFORT BY MAISON THOREL
173,,VITRY EN ARTOIS,62490,ROUTE NATIONALE  ,"50,33318","2,98478",90°,ARRAS,DOUAI,DROITE,ND,GRAND FORMAT,8M2,FIXE,TOLE,3280,2450,16/08/2012,31/12/2025, HYPER U VITRY FRANLAUGE 
159,,VITRY EN ARTOIS,62490,ROUTE NATIONALE  ,"50,33229","2,97865",90°,DOUAI,ARRAS ,DROITE,ND,MOBILIER URBAIN,2M2,FIXE,VITRINE,1220,1760,27/03/2013,31/12/2025, HYPER U VITRY FRANLAUGE 
citroen,#VALEUR !,VITRY EN ARTOIS,62490,ROUTE NATIONALE  ,"50,33337","2,98376",90°,ARRAS,DOUAI,GAUCHE,D,MOBILIER URBAIN,2M2,FIXE,VITRINE,1220,1760,,,DISPONIBLE
167,,VITRY EN ARTOIS,62490,ROUTE NATIONALE  ,"50,33314","2,98442",90°,ARRAS,DOUAI,DROITE,ND,MOBILIER URBAIN,2M2,FIXE,VITRINE,1220,1760,16/04/2020,26/05/2024,CL AUTO RENAULT 
166,,VITRY EN ARTOIS,62490,ROUTE NATIONALE  ,"50,33244","2,98008",90°,ARRAS,DOUAI,DROITE,ND,MOBILIER URBAIN,2M2,FIXE,VITRINE,1220,1760,25/04/2018,27/08/2025,THEYS
183,,FRESNES LES MONTAUBAN,62490,ROUTE NATIONALE 62490 FRESNES LES MONTAUBAN,"50,33407","2,92727",90°,ARRAS,DOUAI,DROITE,ND,MOBILIER URBAIN,2M2,FIXE,VITRINE,1220,1760,12/09/2011,01/11/2024,SUPER U LA GRIOTTE
BEAUMETZ LES LOGES,#VALEUR !,BEAUMETZ LES LOGES ,62123,1 ROUTE NATIONALE,"50,2398","2,65583",90°,BEAUMETZ,DOULLENS,DROITE,ND,GRAND FORMAT,4M2,FIXE,TOLE,3080,1150,15/12/2021,09/01/2026,DAMBRINE
253,,DOULLENS,80600,43 RUE DU MARECHAL LECLERC ,"50,15711","2,34877",90°,ARRAS,DOULLENS,DROITE,ND,GRAND FORMAT,4M2,FIXE,TOLE,2450,1650,31/01/2019,20/02/2025,LECLERC DOULLENDIS
254,,DOULLENS,80600,43 RUE DU MARECHAL LECLERC ,"50,15711","2,34877",90°,ARRAS,DOULLENS,DROITE,ND,GRAND FORMAT,4M2,FIXE,TOLE,2450,1650,31/01/2019,20/02/2025,LECLERC DOULLENDIS
ALPHA DEPAN ORDI,#VALEUR !,DOULLENS,80600,92 AVENUE FLANDRES DUNKERQUE ,"50,16209","2,35629",90°,ARRAS,DOULLENS,DROITE,D,GRAND FORMAT,4M2,FIXE,TOLE,2450,1650,,,DISPONIBLE  
245,,BEAUMETZ LES LOGES,62123,RN25 A BEAUMETZ LES LOGES ,"50,23493","2,65514",90°,ARRAS,DOULLENS,DROITE,ND,MOBILIER URBAIN,2M2,FIXE,VITRINE,1220,1760,"12,12,2024",19/07/2025,GRAIN DE MALICE
249,,L'ARBRET BAVINCOURT,62158,ROUTE NATIONALE ,"50,20953","2,54801",90°,ARRAS,DOULLENS,DROITE,ND,MOBILIER URBAIN,2M2,FIXE,VITRINE,1220,1760,"31,10,2024",09/11/2025,JUST QUEEN
,,ROUVROY,62320,1 RUE DIZEL,"50,39155","2,90879",45°,ROUVROY,DROCOURT,FACE,ND,GRAND FORMAT,4M2,FIXE,TOLE,2450,1650,08/02/2022,07/03/2026,KARINE WALERJAN
,,BOIS BERNARD,62320,75 ROUTE D'ARRAS,"50,38333","2,90958",90°,ARRAS,DROCOURT,DROITE,ND,GRAND FORMAT,4M2,FIXE,TOLE,3080,1150,19/10/2023,18/10/2025,KARINE WALERJAN
547,,FEIGNIES,59750,47 AVENUE DE VALENCIENNES ,"50,28058","3,92924",90°,MAUBEUGE,FEIGNIES,GAUCHE,ND,GRAND FORMAT,8M2,FIXE,TOLE,3280,2450,"05,01,2023","28,11,2026",LIDL FEIGNIES
121,,BEAUVOIS EN CAMBRESIS,59157,RD74,"50,1401","3,38105",90°,BEAUVOIS,FONTAINE AU PIRE,DROITE,ND,MOBILIER URBAIN,2M2,FIXE,VITRINE,1220,1760,17/04/2024,17/04/2029,LE CONTEMPORAIN
463,,FREVENT,62270,AVENUE PHILIPPE LEBAS ,"50,27512","2,28731",90°,HESDIN,FREVENT,DROITE,ND,MOBILIER URBAIN,2M2,FIXE,VITRINE,1220,1760,13/02/2018,27/02/2025,LECLERC HERLINDIS 
464,,FREVENT,62270,RUE DE DOULLENS ,"50,26837","2,29179",90°,DOULLENS,FREVENT,DROITE,ND,MOBILIER URBAIN,2M2,FIXE,VITRINE,1220,1760,"30,10,2020","10,07,2025",FERNAGUT
LART DU BIEN ETRE  20220707_073117,#VALEUR !,FREVENT,62270,RUE DU MARECHAL LECLERC 62270 FREVENT,"50,28161","2,29351",90°,ST POL,FREVENT,DROITE,D,MOBILIER URBAIN,2M2,FIXE,VITRINE,1220,1760,"28,06,2022","06,07,2024",DISPONIBLE
ACIMA,#VALEUR !,SIN LE NOBLE,59450,171 RUE FERRER ,"50,36433","3,12284",45°,DOUAI CHU,GUESNAIN,GAUCHE,ND,GRAND FORMAT,4M2,FIXE,TOLE,2450,1650,"10,10,2019","09,10,2025",ACIMA
ACIMA,#VALEUR !,SIN LE NOBLE,59450,171 RUE FERRER ,"50,36433","3,12284",45°,DOUAI CHU,GUESNAIN,GAUCHE,ND,GRAND FORMAT,4M2,FIXE,TOLE,3080,1650,16/04/2021,24/04/2025,MARKET GUESNAIN
AUTODISTRIBUTION,#VALEUR !,HAISNES,62138,ROUTE DEPARTEMENTALE 941 ,"50,52779","2,80312",90°,LA BASSEE,HAISNES,DROITE,ND,MOBILIER URBAIN,2M2,FIXE,VITRINE,1220,1760,15/12/2017,20/12/2025,AUTO DISTRIBUTION
global ,#VALEUR !,HAULCHIN,59121,2 ROUTE NATIONALE,"50,31514","3,41628",90°,DENAIN,HAULCHIN,DROITE,ED,GRAND FORMAT,12M2,FIXE,TOLE,4000,3000,"23,06,2014","20,07,2025",GLOBAL FERMETURES
LECLERC RN43 AU VILLERS,#VALEUR !,FLERS EN ESCREBIEUX,59128,122 ROUTE NATIONALE 43 ,"50,40376","3,02788",90°,DOUAI,HENIN,DROITE,ND,GRAND FORMAT,12M2,FIXE,TOLE,4000,3000,"18,04,2019","09,12,2025",LECLERC COURCELDIS
,,MARCONNELLE,62140,961 ROUTE NATIONALE ,"50,37409","2,01676",90°,MONTREUIL,HESDIN,DROITE,ND,GRAND FORMAT,4M2,FIXE,TOLE,3080,1150,02/02/2021,11/02/2026,LECLERC HERLINDIS
286,,CROIX EN TERNOIS,62130,ROUTE DEPARTEMENTALE ,"50,38018","2,2802",90°,ST POL,HESDIN,DROITE,ND,MOBILIER URBAIN,2M2,FIXE,VITRINE,1220,1760,19/11/2021,07/12/2025,AFFICAPS 
281,,CROIX EN TERNOIS,62130,ROUTE DEPARTEMENTALE ,"50,38013","2,28116",90°,ST POL,HESDIN,DROITE,ND,MOBILIER URBAIN,2M2,FIXE,VITRINE,1220,1760,"9,10,2014","28,10,2025",PORTAILS ET FERMETURES DU TERNOIS
506,,ST POL SUR TERNOISE,62130,ROUTE DEPARTEMENTALE 941 RUE D'EGMONT ,"50,38025","2,33437",90°,ST POL CENTRE,HESDIN,DROITE,ND,GRAND FORMAT,4M2,FIXE,TOLE,2450,1650,20/04/2018,31/05/2025,LECLERC HERLINDIS 
,,LE PARCQ,62770,ROUTE NATIONALE,"50,37854","2,09771",90°,ARRAS,HESDIN,GAUCHE,ND,MOBILIER URBAIN,2M2,FIXE,VITRINE,1220,1760,08/09/2022,16/09/2025,BIG MAT MORONVAL
170,,VITRY EN ARTOIS,62490,ROUTE DE BREBIERES ,"50,33265","3,00246",90°,VITRY,HYPER U,DROITE,ND,MOBILIER URBAIN,2M2,FIXE,VITRINE,1220,1760,,,MAIRIE DE VITRY EN ARTOIS
199,,HENIN BEAUMONT,62110,BOULEVARD EUGENE THOMAS ,"50,39707","2,97206",90°,C.CIAL AUCHAN,IKEA,GAUCHE,ND,GRAND FORMAT,12M2,FIXE,TOLE,4000,3000,16/02/2022,05/09/2025, EUROPE FLEURS
BK 2 AVENUE MENDES France,#VALEUR !,LAON,2000,65 AVENUE MENDES FRANCE ,"49,57388","3,63545",90°,CHAMBRY,LAON,DROITE,ND,GRAND FORMAT,6M2,FIXE,TOLE,4000,1500,18/12/2023,16/05/2027,BURGER KING LAON
BK 2 AVENUE MENDES France,#VALEUR !,LAON,2000,65 AVENUE MENDES FRANCE ,"49,57388","3,63545",90°,CHAMBRY,LAON,DROITE,ED,GRAND FORMAT,3M2,FIXE,TOLE,2000,1500,17/01/2023,07/02/2025,ESPACE O 2000
BK 2 AVENUE MENDES France,#VALEUR !,LAON,2000,65 AVENUE MENDES FRANCE ,"49,57388","3,63545",90°,CHAMBRY,LAON,DROITE,ND,GRAND FORMAT,6M2,FIXE,TOLE,4000,1500,10/03/2009,31/12/2025,FUNECAP
534,,ATHIES SOUS LAON,2000,ROUTE NATIONALE 2,,,90°,REIMS,LAON,DROITE,ND,PRE ENSEIGNE,"1,5M2",FIXE,TOLE,1500,1000,02/02/2011,05/02/2025, LEPTIR
524,,LAON,2000,ROUTE NATIONALE 2 RUE GEORGES SAUVRESY ,"49,55304","3,62673",90°,SOISSONS,LAON,DROITE,ND,GRAND FORMAT,3M2,FIXE,TOLE,1500,2000,02/02/2011,05/02/2025, LEPTIR
129,,HONNECHY,59980,25 CHAUSSEE BRUNEHAUT ,"50,06774","3,45519",90°,GUISE,LE CATEAU,DROITE,ND,GRAND FORMAT,4M2,FIXE,TOLE,2450,1650,15/01/2008,14/10/2024,LECLERC CAUDIS
,,LE CATEAU,59360,33 FAUBOURG DE CAMBRAI ,"50,10608","3,53067",90°,CAMBRAI,LE CATEAU,DROITE,ND,MOBILIER URBAIN,2M2,FIXE,VITRINE,1220,1760,20/12/2021,17/01/2026,INTERMARCHE LE CATEAU 
HOSTELLERIE DU MARCHE 20220331_095850,#VALEUR !,LE CATEAU,59360,CHEMIN DE MONTAY,"50,1114","3,54259",90°,MONTAY,LE CATEAU,DROITE,D,MOBILIER URBAIN,2M2,FIXE,VITRINE,1220,1760,,,DISPONIBLE
,#VALEUR !,BEAUMONT EN CAMBRESIS,59540,RD644,"50,1253","3,44926",90°,CAUDRY,LE CATEAU,DROITE,ND,MOBILIER URBAIN,2M2,FIXE,VITRINE,1220,1760,"22,09,2023","12,10,2025",SARL HM DK
,,INCHY,59540,ROUTE DEPARTEMENTALE 643,"50,12267","3,46132",90°,CAMBRAI,LE CATEAU,DROITE,ND,MOBILIER URBAIN,2M2,FIXE,VITRINE,1220,1760,03/07/2024,02/10/2024,SB FERMETURES
ALINE LINGERIE,#VALEUR !,INCHY,59540,ROUTE DEPARTEMENTALE 644,"50,12022","3,47107",90°,CAMBRAI,LE CATEAU,DROITE,D,MOBILIER URBAIN,2M2,FIXE,VITRINE,1220,1760,"20,10,2021","01,11,2024",DISPONIBLE
AMALIA 20220726_145645,#VALEUR !,BEAUVOIS EN CAMBRESIS,59157,ROUTE NATIONALE ,"50,14373","3,36933",90°,CAMBRAI,LE CATEAU,DROITE,ED,MOBILIER URBAIN,2M2,FIXE,VITRINE,1220,1760,11/07/2022,25/07/2025,SOLEA IMMOBILIER
126,,BEAUVOIS EN CAMBRESIS,59157,ROUTE NATIONALE ,"50,1415","3,37913",90°,CAMBRAI,LE CATEAU,DROITE,ND,MOBILIER URBAIN,2M2,FIXE,VITRINE,1220,1760,30/05/2024,02/10/2024,DOMINO PIZZA DP CAUDRY 
123,,BEAUVOIS EN CAMBRESIS,59157,ROUTE NATIONALE ,"50,14094","3,38135",90°,CAMBRAI,LE CATEAU,DROITE,ND,MOBILIER URBAIN,2M2,FIXE,VITRINE,1220,1760,18/06/2024,25/06/2025,INTERIEUR DE REVE
,,LE CATEAU,59360,RUE DU MARECHAL DE LATTRE DE TASSIGNY,"50,09118","3,53168",90°,GUISE,LE CATEAU,DROITE,ND,MOBILIER URBAIN,2M2,FIXE,VITRINE,1220,1760,20/12/2021,17/01/2025,NETTO LE CATEAU 
,,LE CATEAU,59360,RUE DU MARECHAL LECLERC ,"50,09967","3,56358",90°,MAUBEUGE,LE CATEAU,DROITE,ND,MOBILIER URBAIN,2M2,FIXE,VITRINE,1220,1760,20/12/2021,17/01/2026,INTERMARCHE LE CATEAU 
282,,CROIX EN TERNOIS,62130,ROUTE DEPARTEMENTALE ,"50,38132","2,27539",90°,ARRAS,LE TOUQUET,DROITE,ND,MOBILIER URBAIN,2M2,FIXE,VITRINE,1220,1760,"30,10,2020","10,07,2025",FERNAGUT
205,,CARVIN,62220,125 RUE URIANNE SORRIAUX ,"50,48064","2,95249",90°,LIBERCOURT,LENS,DROITE,ND,GRAND FORMAT,12M2,FIXE,TOLE,7380,1650,04/11/2020,31/03/2025,LECLERC CARVIDIS
LECLERC CARVIN,#VALEUR !,CARVIN,62220,125 RUE URIANNE SORRIAUX  ,"50,48064","2,95249",90°,LIBERCOURT,LENS,DROITE,ED,GRAND FORMAT,12M2,FIXE,TOLE,7380,1650,13/04/2017,23/05/2026,FIRST STOP
520,,LENS,62300,315 ROUTE DE LILLE ,"50,43838","2,84461",90°,CARVIN,LENS,DROITE,ND,GRAND FORMAT,12M2,FIXE,TOLE,7380,1650,22/04/2014,23/05/2025,IRISH TAVERN
220,,MAZINGARBE,62670,ROUTE DEPARTEMENTALE 943 ,"50,3419","2,7484",90°,BETHUNE,LENS,DROITE,ND,MOBILIER URBAIN,2M2,FIXE,VITRINE,1220,1760,14/02/2024,14/03/2026,CERES  
219,,MAZINGARBE,62670,ROUTE DEPARTEMENTALE 943 ,"50,46494","2,7615",90°,BETHUNE,LENS,DROITE,ND,MOBILIER URBAIN,2M2,FIXE,VITRINE,1220,1760,30/05/2023,01/06/2025,ISONOR
204,,CAMPHIN EN CAREMBAULT,59133,1 ROUTE NATIONALE ,"50,51512","2,98681",90°,CARVIN,LEQUIN,DROITE,ND,GRAND FORMAT,4M2,FIXE,TOLE,3080,1150,19/11/2013,31/08/2024,LECLERC SECLINDIS
IMG_46021002,#VALEUR !,LIBERCOURT,62820,8 AVENUE DARCHICOURT ,"50,48227","3,00344",90°,CARVIN,LIBERCOURT,DROITE,ND,GRAND FORMAT,4M2,FIXE,TOLE,2450,1650,04/03/2024,31/03/2026,ZEE LEE KEBAB
IMG_48771,#VALEUR !,LIBERCOURT,62820,8 AVENUE DARCHICOURT ,"50,48227","3,00344",90°,OIGNIES,LIBERCOURT,GAUCHE,ND,PRE ENSEIGNE,"1,5M2",FIXE,TOLE,1500,1000,04/11/2020,31/03/2026,BRICO LECLERC
201,,LILLE,59000,61 RUE VICTOR HUGO ,"50,62109","3,09165",90°,HELLEMMES,LILLE,DROITE,ND,GRAND FORMAT,8M2,FIXE,TOLE,5740,1650,30/01/2024,13/02/2025,EVA
,,ST LAURENT BLANGY,62223,ROND POINT MONNET,"50,29664","2,78381",90°,ARRAS CENTRE,LILLE,DROITE,ND,MOBILIER URBAIN,2M2,FIXE,VITRINE,1220,1760,"01,07,2022","30,06,2024",AGES TENDRES
,,VIS EN ARTOIS,62156,ROUTE NATIONALE ,"50,24899","2,93808",90°,ARRAS,CAMBRAI,GAUCHE,ND,MOBILIER URBAIN,2M2,FIXE,VITRINE,1220,1760,17/01/2025,29/01/2026,MICROCRECHE
87,,VIS EN ARTOIS,62156,ROUTE NATIONALE ,"50,24661","2,94457",90°,ARRAS,MARQUION,DROITE,ND,MOBILIER URBAIN,2M2,FIXE,VITRINE,1220,1760,14/12/2012,25/05/2025, HYPER U BARALLE ABRICOT 
DISPO RUE LAMARTINE,#VALEUR !,MAZINGARBE,62670,RUE LAMARTINE ,"50,4622","2,70904",90°,SAINS,MAZINGARBE,DROITE,D,MOBILIER URBAIN,2M2,FIXE,VITRINE,1220,1760,,,DISPONIBLE
250,,WARLUS,62123,2 ROUTE DE BERNEVILLE ,"50,27496","2,66805",90°,ARRAS,MONTENESCOURT,DROITE,ND,GRAND FORMAT,4M2,FIXE,TOLE,2450,1650,09/11/1999,09/01/2026,GOSSET
540,,MARCONNE,62140,9 AVENUE DE BOULOGNE,"50,37154","2,0311",90°,HESDIN CENTRE,MONTREUIL,GAUCHE,ND,GRAND FORMAT,4M2,FIXE,TOLE,3080,1650,,,BAILLEUL PATRICK
539,,MARCONNE,62140,9 AVENUE DE BOULOGNE,"50,37154","2,0311",90°,HESDIN CENTRE,MONTREUIL,GAUCHE,ND,GRAND FORMAT,4M2,FIXE,TOLE,3080,1150,,,LECLERC ATTINDIS
LECLERC HERLIN 4M2 PANNEAU MARCONNE,#VALEUR !,MARCONNE,62140,9 AVENUE DE BOULOGNE,"50,37154","2,0311",90°,HESDIN CENTRE,MONTREUIL,GAUCHE,ND,GRAND FORMAT,4M2,FIXE,TOLE,3080,1150,02/02/2021,11/02/2026,LECLERC HERLINDIS
,,CONCHIL LE TEMPLE,62180,RD940 E1,"50,37317","1,66141",90°,BERCK,MONTREUIL,DROITE,ND,MOBILIER URBAIN,1M2,FIXE,VITRINE MURALE,800,1200,03/05/2023,14/05/2024,BOX VAL D'AUTHIE
110,,CAMBRAI,59400,86 AVENUE DE DUNKERQUE ,"50,33422","2,93572",90,VALENCIENENS,NEUVILLE ST REMY,DROITE,ND,GRAND FORMAT,6M2,FIXE,TOLE,4000,1650,"09,12,2022","31,08,2026",CHAUFFAGE LEFEBVRE
109,,CAMBRAI,59400,86 AVENUE DE DUNKERQUE ,"50,33422","2,93572",90,VALENCIENENS,NEUVILLE ST REMY,DROITE,ND,GRAND FORMAT,6M2,FIXE,TOLE,4000,1650,14/11/2022,14/12/2025,SKODA SLBA 
108,,CAMBRAI,59400,86 AVENUE DE DUNKERQUE ,"50,33422","2,93572",90,VALENCIENENS,NEUVILLE ST REMY,DROITE,ND,GRAND FORMAT,12M2,FIXE,TOLE,4000,3000,26/03/2021,31/08/2025,LECLERC CAUDIS
ISONOR 20230609_140248,#VALEUR !,SAINS EN GOHELLE,62114,ROUTE DEPARTEMENTALE ,"50,46179","2,67806",90°,ARRAS,NOEUX LES MINES,DROITE,ND,MOBILIER URBAIN,2M2,FIXE,VITRINE,1220,1760,05/06/2023,"07,07,2025",ISONOR
OPTICAL CENTER SAINS EN GOHELLE DE SAINS VERS LOISINORD  ,#VALEUR !,SAINS EN GOHELLE,62114,ROUTE DEPARTEMENTALE ,"50,46126","2,67865",90°,SAINS,NOEUX LES MINES ,DROITE,ND,MOBILIER URBAIN,2M2,FIXE,VITRINE,1220,1760,11/10/2019,31/12/2024,OPTICAL CENTER 
OPTICAL CENTER SAINS EN GOHELLE DE NOEUX VERS LOISINORD A346,#VALEUR !,SAINS EN GOHELLE,62114,ROUTE DEPARTEMENTALE ,"50,45909","2,68022",90°,ARRAS,NOEUX LES MINES ,DROITE,ND,MOBILIER URBAIN,2M2,FIXE,VITRINE,1220,1760,05/04/2024,14/04/2026,KRYS NOEUX LES MINES
65,#VALEUR !,BAPAUME,62450,RUE DU FAUBOURG DE PERONNE ,"50,10085","2,85192",90°,BAPAUME,PERONNE,DROITE,ND,MOBILIER URBAIN,2M2,FIXE,VITRINE,1220,1760,"28,03,2014","09,04,2026",AUTO 2000
550,,RANG DU FLIERS,62180,348 ROUTE DE BERCK,"50,47115","1,64281",90°,BERCK,RANG DU FLIERS,DROITE,ND,PRE ENSEIGNE,"1,5M2",FIXE,TOLE,1500,1000,18/04/2019,23/05/2025,AT HOME
ATELIER DES PAPILLES AVENUE MITTERRAND,#VALEUR !,SAINS EN GOHELLE,62114,ROUTE DEPARTEMENTALE ,"50,44415","2,69324",90°,SAINS CENTRE,ROCADE MINIERE,DROITE,D,MOBILIER URBAIN,2M2,FIXE,VITRINE,1220,1760,17/09/2015,23/09/2024,DISPONIBLE
THOMAS DELPORTE ROUVROY PHARMACIE,#VALEUR !,ROUVROY,62320,81 BIS RUE DU GENERAL DE GAULLE,"50,40696","2,90939",90°,BILLY,ROUVROY,DROITE,ND,GRAND FORMAT,4M2,FIXE,TOLE,2450,1650,19/02/2025,07/03/2027,IAD THOMAS DELPORTE
545,,LONGUEAU,80330,38 RUE HENRI BARBUSSE ,"49,87214","2,35327",90°,LONGUEAU CENTRE,ROYE,DROITE,ND,GRAND FORMAT,5M2,FIXE,TOLE,4000,1250,12/12/2023,31/12/2026,CYNDRA PARC
AGENCE DE LA PLAGE 20230526_182416,#VALEUR !,CONCHIL LE TEMPLE,62180,RD940,"50,37386","1,65966",90°,BERCK,RUE,DROITE,ED,MOBILIER URBAIN,2M2,FIXE,VITRINE,1220,1760,26/04/2023,09/05/2024,SOPLIM
OPTICAL CENTER SAINS EN GOHELLE DE NOEUX VERS LOISINORD ,#VALEUR !,SAINS EN GOHELLE,62114,ROUTE DEPARTEMENTALE ,"50,46151","2,67788",90°,NOEUX LES MINES ,SAINS,DROITE,ND,MOBILIER URBAIN,2M2,FIXE,VITRINE,1220,1760,11/10/2019,31/12/2024,OPTICAL CENTER 
223,,MAZINGARBE,62670,CARREFOUR EVRARD / RUE LAMARTINE 62670 MAZINGARBE,"50,47143","2,71458",75°,MAZINGARBE,SAINS EN GOHELLE,GAUCHE,ND,MOBILIER URBAIN,2M2,FIXE,VITRINE,1220,1760,09/09/2015,23/09/2025,2 B CARS
KRYS RD 188 20240412_114051,#VALEUR !,SAINS EN GOHELLE,62114,ROUTE DEPARTEMENTALE ,"50,44297","2,67128",90°,HERSIN,SAINS EN GOHELLE,DROITE,ND,MOBILIER URBAIN,2M2,FIXE,VITRINE,1220,1760,05/04/2024,14/04/2026,KRYS NOEUX LES MINES
,,TINCQUES,62127,ROUTE DEPARTEMENTALE ,"50,3542","2,48606",90°,ARRAS,SAINT POL,DROITE,ND,MOBILIER URBAIN,2M2,FIXE,VITRINE,1220,1760,02/02/2023,15/03/2024,CERES  
CIRCUIT DE CROIX PANNEAU CROIX 20230330_140842,#VALEUR !,CROIX EN TERNOIS,62130,ROUTE DEPARTEMENTALE ,"50,37977","2,28218",90°,HESDIN,SAINT POL,DROITE,ND,MOBILIER URBAIN,2M2,FIXE,VITRINE,1220,1760,02/02/2023,15/03/2024,CERES  
IMG_47631,#VALEUR !,VENDEGIES SUR ECAILLON,59213,1111 RUE DE SOLESMES ,"50,25373","3,50404",90°,VALENCIENNES,SOLESMES,GAUCHE,ND,PRE ENSEIGNE,"1,5M2",FIXE,TOLE,1500,1000,15/03/2024,12/05/2027,ROMAIN ROSELLE SASU 2R ENERGIES 
IAD,,VENDEGIES SUR ECAILLON,59213,1111 RUE DE SOLESMES ,"50,25373","3,50404",90°,VALENCIENNES,SOLESMES,GAUCHE,ND,PRE ENSEIGNE,"1,5M2",FIXE,TOLE,1500,1000,07/02/2011,09/03/2025,FACON MEDICAL
,,VENDEGIES SUR ECAILLON,59213,D114,"50,26129","3,50926",90°,VALENCIENNES,SOLESMES,DROITE,ND,MOBILIER URBAIN,2M2,FIXE,VITRINE,1220,1760,18/10/2022,14/11/2025,DI HABITAT
,,VENDEGIES SUR ECAILLON,59213,D114,"50,26766","3,51468",90°,VALENCIENNES,SOLESMES,DROITE,ND,MOBILIER URBAIN,2M2,FIXE,VITRINE,1220,1760,12/10/2022,24/10/2024,CLEAVIE
,#VALEUR !,ANZIN ST AUBIN,62223,RUE DES FILATIERS,"50,31049","2,75125",90°,ANZIN,ST CATHERINE ,DROITE,ND,MOBILIER URBAIN,2M2,FIXE,VITRINE,1220,1760,27/02/2024,28/02/2026,SECURITEST
,,ST LAURENT BLANGY,62223,AVENUE D'IMMERCOURT ,"50,29527","2,80458",90°,BEAURAINS,ST LAURENT,DROITE,ND,MOBILIER URBAIN,2M2,FIXE,VITRINE,1220,1760,20/01/2021,31/01/2026,ATELIER CENTRE AUTO
300,,ST LAURENT BLANGY,62223,AVENUE D'IMMERCOURT ,"50,2937","2,80526",90°,TILLOY,ST LAURENT,DROITE,ND,MOBILIER URBAIN,2M2,FIXE,VITRINE,1220,1760,21/11/2013,31/12/2026,LECLERC ARRADIS
BK ARRAS MOBILIER URBAINS SITUE CD60 A ST LAURENT BLANGY  20221025_122129,#VALEUR !,ST LAURENT BLANGY,62223,DEPARTEMENTALE 60 ,"50,29159","2,79768",90°,BEAURAINS,ST LAURENT,DROITE,ND,MOBILIER URBAIN,2M2,FIXE,VITRINE,1220,1760,14/02/2017,14/03/2026,BURGER KING ARRAS
329,,FEUCHY,62223,RUE D'ARRAS ,"50,29615","2,84042",90°,FEUCHY,ST LAURENT,DROITE,ND,GRAND FORMAT,4M2,FIXE,TOLE,2450,1650,21/11/2023,31/12/2026,LECLERC ARRADIS
330,,FEUCHY,62223,RUE D'ARRAS ,"50,29615","2,84042",90°,FEUCHY,ST LAURENT,DROITE,ND,GRAND FORMAT,4M2,FIXE,TOLE,2450,1650,21/11/2023,31/12/2026,LECLERC ARRADIS
294,,ST LAURENT BLANGY,62223,7 RUE ESTENNE  ET CAUCHY ,"50,30116","2,80141",90°,RD950,ST LAURENT CENTRE,DROITE,ND,GRAND FORMAT,4M2,FIXE,TOLE,2450,1650,"23,06,2015",27/10/2024,SONADIA
MAC DO CAUCHY,#VALEUR !,ST LAURENT BLANGY,62223,7 RUE ESTENNE  ET CAUCHY ,"50,30116","2,80141",90°,RD950,ST LAURENT CENTRE,DROITE,ED,GRAND FORMAT,4M2,FIXE,TOLE,2450,1650,07/09/2022,02/10/2026,MAC DONALD BEAURAINS RESTAURATION
319,,ST LAURENT BLANGY,62223,AVENUE DE L'HERMITAGE ,"50,29861","2,81427",90°,FEUCHY,ST LAURENT CENTRE,DROITE,ND,MOBILIER URBAIN,2M2,FIXE,VITRINE,1220,1760,,,LETRAM
297,,ST LAURENT BLANGY,62223,RUE LAURENT GERS ,"50,29804","2,80302",90°,ZI EST,ST LAURENT CENTRE,DROITE,ND,MOBILIER URBAIN,2M2,FIXE,VITRINE,1220,1760,21/11/2023,31/12/2026,LECLERC ARRADIS
,,ST LAURENT BLANGY,62223,RUE DU DOCTEUR MEILLIN ,"50,29595","2,79653",90°,ST LAURENT ARTOIS EXPO,ST LAURENT CENTRE ,DROITE,ND,MOBILIER URBAIN,2M2,FIXE,VITRINE,1220,1760,11/04/2024,10/04/2025,ATELIER CENTRE AUTO
68 RUE DU GENERAL BARBOT 20220215_120802,#VALEUR !,ST LAURENT BLANGY,62223,68 RUE DU GENERAL BARBOT,"50,30074","2,79648",90°,ATHIES,ST NICOLAS,DROITE,D,MOBILIER URBAIN,2M2,FIXE,VITRINE,1800,1200,,,DISPONIBLE
295,,ST LAURENT BLANGY,62223,RUE CAUCHY ENTREE VILLE ,"50,30527","2,80157",90°,BAILLEUL,ST NICOLAS,DROITE,ND,MOBILIER URBAIN,2M2,FIXE,VITRINE,1220,1760,21/11/2023,31/12/2026,LECLERC ARRADIS
301,,ST LAURENT BLANGY,62223,RUE HENRI BARBUSSE ,"50,30554","2,81952",90°,ATHIES,ST NICOLAS,DROITE,ND,MOBILIER URBAIN,2M2,FIXE,VITRINE,1220,1760,21/11/2023,31/12/2026,LECLERC ARRADIS
291,,ST NICOLAS LES ARRAS,62223,RUE MICHELET ,"50,30093","2,77542",90°,ARRAS,ST NICOLAS,GAUCHE,ND,GRAND FORMAT,4M2,FIXE,TOLE,2450,1650,21/11/2023,31/12/2026,LECLERC ARRADIS
292,,ST NICOLAS LES ARRAS,62223,RUE MICHELET ,"50,30093","2,77542",90°,ARRAS,ST NICOLAS,GAUCHE,ND,GRAND FORMAT,4M2,FIXE,TOLE,2450,1650,21/11/2023,31/12/2026,LECLERC ARRADIS
267,,HAUTE AVESNES,62144, ROUTE DEPARTEMENTALE ,"50,33223","2,64164",90°,ARRAS,ST POL,DROITE,ND,MOBILIER URBAIN,2M2,FIXE,VITRINE,1220,1760,15/10/2015,29/10/2024,LAMPIN
272,,SAVY BERLETTE,62690, ROUTE DEPARTEMENTALE ,"50,30903","2,56467",90°,ARRAS,ST POL,DROITE,ND,MOBILIER URBAIN,2M2,FIXE,VITRINE,1220,1760,19/07/2021,18/07/2024,LECLERC HERLINDIS 
273,,SAVY BERLETTE,62690, ROUTE DEPARTEMENTALE ,"50,34808","2,55179",90°,ARRAS,ST POL,DROITE,ND,MOBILIER URBAIN,2M2,FIXE,VITRINE,1220,1760,02/03/2016,07/03/2025,GRAIN DE MALICE
268,,HAUTE AVESNES,62144, ROUTE DEPARTEMENTALE ,"50,33235","2,64063",90°,ARRAS,ST POL,DROITE,ND,MOBILIER URBAIN,2M2,FIXE,VITRINE,1220,1760,"30,01,2013","29,10,2025",PORTAILS ET FERMETURES DU TERNOIS
,,TINCQUES,62127,1 ROUTE NATIONALE,"50,35319","2,49416",90°,ARRAS,ST POL,GAUCHE,ND,GRAND FORMAT,4M2,FIXE,TOLE,3080,1150,30/11/2022,30/11/2025,MAC DONALD ST POL CAMPALICE
,,TINCQUES,62127,1 ROUTE NATIONALE,"50,35319","2,49416",90°,ARRAS,ST POL,GAUCHE,ND,GRAND FORMAT,4M2,FIXE,TOLE,3080,1150,"08,08,2024","12,09,2025",CAMPING DES ETANGS
,,ST POL SUR TERNOISE,62130,103 ROUTE DE BETHUNE ,"50,3839","2,34209",90°,BETHUNE,ST POL,DROITE,ND,PRE ENSEIGNE,"1,5M2",FIXE,TOLE,1500,1000,"28,10,2020","11,07,2025",FERNAGUT
508,,ST POL SUR TERNOISE,62130,117 ROUTE DE BETHUNE ,"50,38445","2,34466",90°,BETHUNE,ST POL,DROITE,ND,GRAND FORMAT,4M2,FIXE,TOLE,3080,1650,18/04/2018,30/05/2025,AUTOSUR
507,,ST POL SUR TERNOISE,62130,117 ROUTE DE BETHUNE ,"50,38445","2,34466",90°,BETHUNE,ST POL,DROITE,ND,GRAND FORMAT,4M2,FIXE,TOLE,3080,1150,20/04/2018,31/05/2025,LECLERC HERLINDIS 
276,,BERLES MONCHEL,62690,19 ROUTE NATIONALE ,"50,35039","2,52466",90°,ARRAS,ST POL,GAUCHE,ND,GRAND FORMAT,4M2,FIXE,TOLE,2450,1650,"30,10,2020","26,07,2025",FERNAGUT
275,,BERLES MONCHEL,62690,19 ROUTE NATIONALE ,"50,35039","2,52466",90°,ARRAS,ST POL,GAUCHE,ND,GRAND FORMAT,4M2,FIXE,TOLE,2450,1650,"06,10,2021","19,10,2024",LECLERC HERLINDIS
509,,RAMECOURT,62130,320 RUE D'HESDIN,"50,37551","2,31782",90°,HESDIN,ST POL,DROITE,ND,GRAND FORMAT,4M2,FIXE,TOLE,3080,1150,"28,10,2020","11,07,2025",FERNAGUT
510,,RAMECOURT,62130,320 RUE D'HESDIN ,"50,37551","2,31782",90°,HESDIN,ST POL,DROITE,ND,GRAND FORMAT,4M2,FIXE,TOLE,3080,1650,,,ARTOIS CONTRÔLE TECHNIQUE
LECLERC HERLIN LE SEC PANNEAU 4M2 BD DOMONT,#VALEUR !,HESDIN,62140,9 BOULEVARD DOMONT,"50,37262","2,03999",90°,HESDIN CENTRE,ST POL,GAUCHE,D,GRAND FORMAT,4M2,FIXE,TOLE,3080,1150,,,DISPONIBLE
,,HESDIN,62140,9 BOULEVARD DOMONT,"50,37262","2,03999",90°,HESDIN CENTRE,ST POL,GAUCHE,ND,GRAND FORMAT,4M2,FIXE,TOLE,2450,1650,02/02/2021,11/02/2026,LECLERC HERLINDIS
505,,DIEVAL,62460,9 ROUTE DEPARTEMENTALE 941 ,"50,43364","2,45015",90°,BETHUNE,ST POL,DROITE,ND,GRAND FORMAT,4M2,FIXE,TOLE,3080,1150,08/02/2019,28/02/2026,LE CARRE DE RAMECOURT
504,,DIEVAL,62460,9 ROUTE DEPARTEMENTALE 941 ,"50,43364","2,45015",90°,BETHUNE,ST POL,DROITE,ND,GRAND FORMAT,4M2,FIXE,TOLE,3080,1150,13/02/2018,27/02/2025,LECLERC HERLINDIS 
,,LE PARCQ,62770,LE BAS PARCQ,"50,37208","2,09581",90°,HESDIN,ST POL,DROITE,ND,GRAND FORMAT,4M2,FIXE,TOLE,3080,1150,02/02/2021,11/02/2026,LECLERC HERLINDIS
284,,CROIX EN TERNOIS,62130,ROUTE DEPARTEMENTALE ,"50,3811","2,27568",90°,HESDIN,ST POL,DROITE,ND,MOBILIER URBAIN,2M2,FIXE,VITRINE,1220,1760,13/10/2024,22/10/2024,ARTOIS CONTRÔLE TECHNIQUE
285,,CROIX EN TERNOIS,62130,ROUTE DEPARTEMENTALE ,"50,38063","2,27781",90°,HESDIN,ST POL,DROITE,ND,MOBILIER URBAIN,2M2,FIXE,VITRINE,1220,1760,17/05/2017,22/05/2025,BIGMAT RAMECOURT
278,,TINCQUES,62127,ROUTE DEPARTEMENTALE ,"50,35397","2,48903",90°,ARRAS,ST POL,DROITE,ND,MOBILIER URBAIN,2M2,FIXE,VITRINE,1220,1760,"20,03,2018","01,072025",LECLERC HERLINDIS 
283,,CROIX EN TERNOIS,62130,ROUTE DEPARTEMENTALE ,"50,38018","2,2802",90°,HESDIN,ST POL,DROITE,ND,MOBILIER URBAIN,2M2,FIXE,VITRINE,1220,1760,13/02/2018,27/02/2025,LECLERC HERLINDIS 
BEGHIN MOTOCULTURE 20250226_134552,#VALEUR !,TINCQUES,62127,ROUTE DEPARTEMENTALE ,"50,35377","2,48992",90°,ARRAS,ST POL,DROITE,ND,MOBILIER URBAIN,2M2,FIXE,VITRINE,1220,1760,03/02/2025,28/02/2028,BEGHIN MOTOCULTURE 
20220428_094233,#VALEUR !,LE PARCQ,62770,ROUTE NATIONALE,"50,38324","2,07476",90°,HESDIN,ST POL,DROITE,ND,MOBILIER URBAIN,2M2,FIXE,VITRINE,1220,1760,17/01/2022,11/02/2026,LECLERC HERLINDIS  
210,,TERDEGHEM,59114,DEPARTEMENTALE 37 ,"50,80306","2,58435",90°,ECKE,TERDEGHEM,GAUCHE,ND,MOBILIER URBAIN,2M2,FIXE,VITRINE,1220,1760,11/12/2020,31/08/2025, MARKET TERDEGHEM ACTNFAITH
,#VALEUR !,ARRAS,62000,140 ROUTE DE CAMBRAI,"50,28195","2,80604",90°,ARRAS,TILLOY,DROITE,ND,GRAND FORMAT,12M2,FIXE,TOLE,4000,3000,19/11/2021,09/12/2025,CARROSSERIE MANTEL
BK BEAURAINS 20240506_104225,#VALEUR !,ARRAS,62000,140 ROUTE DE CAMBRAI,"50,28195","2,80604",90°,ARRAS,TILLOY,DROITE,ED,GRAND FORMAT,12M2,FIXE,TOLE,4000,3000,15/02/2024,24/04/2026,BURGER KING BEAURAINS
12M2 SPORT LECLERC 2,#VALEUR !,CAMBRAI,59400,AVENUE DU CATEAU ,"50,16597","3,27319",90°,CAMBRAI,VALENCIENENS,GAUCHE,D,GRAND FORMAT,12M2,FIXE,TOLE,4000,3000,"11,12,2024",14/01/2026,DISPONIBLE
PICARD CARNIERES 20230719_085108,#VALEUR !,CARNIERES,59217,ROUTE NATIONALE ,"50,14967","3,34337",90°,CAMBRAI,VALENCIENENS,DROITE,D,MOBILIER URBAIN,2M2,FIXE,VITRINE,1220,1760,23/07/2020,16/08/2024,DISPONIBLE
,,VENDEGIES SUR ECAILLON,59213,485 AVENUE DE VALENCIENNES,"50,26612","3,51332",90°,SOLESMES,VALENCIENNES,GAUCHE,ND,GRAND FORMAT,4M2,FIXE,TOLE,3080,1650,"16,12,2022",15/01/2026,HOME ECO
,,VENDEGIES SUR ECAILLON,59213,ROND POINT DES BELLES FILLES,"50,25406","3,50409",90°,SOLESMES,VALENCIENNES,DROITE,ND,MOBILIER URBAIN,2M2,FIXE,VITRINE,1220,1760,17/01/2025,29/01/2026,ADN ESCALIER
164,,VITRY EN ARTOIS,62490,ROUTE NATIONALE  ,"50,33251","2,97521",90°,FRESNES,VITRY,GAUCHE,ND,MOBILIER URBAIN,2M2,FIXE,VITRINE,1220,1760,"08,12,2023",31/12/2025,VERTDIS
169,,VITRY EN ARTOIS,62490,RUE DE QUIERY ,"50,32922","2,986",90°,RD950,VITRY C.CIAL,DROITE,ND,MOBILIER URBAIN,2M2,FIXE,VITRINE,1220,1760,29/11/2013,23/03/2026, HYPER U VITRY FRANLAUGE 
168,,VITRY EN ARTOIS,62490,RUE DE LA GRANDE CHAPELLE ,"50,32722","2,98025",90°,RD950,VITRY CENTRE,DROITE,ND,MOBILIER URBAIN,2M2,FIXE,VITRINE,1220,1760,29/11/2013,23/03/2026, HYPER U VITRY FRANLAUGE 
,,ST LAURENT BLANGY,62223,AVENUE DES DROITS DE L'HOMME ,"50,29287","2,79281",90°,ARRAS MONNET,ZI EST,DROITE,ND,MOBILIER URBAIN,2M2,FIXE,VITRINE,1220,1760,21/11/2023,07/12/2025,LENCART RESTAURANT 
,,ST LAURENT BLANGY,62223,AVENUE D'IMMERCOURT ,"50,29451","2,78997",90°,ST LAURENT CENTRE,ZI EST,DROITE,ND,MOBILIER URBAIN,2M2,FIXE,VITRINE,1220,1760,15/09/2015,14/12/2025,LV CONCEPT CUISINES
LEMOINE JARDIN SERVICES 20250307_092121,#VALEUR !,ST LAURENT BLANGY,62223,CD60 ,"50,29518","2,78884",90°,ARRAS MONNET,ZI EST,GAUCHE,ND,MOBILIER URBAIN,2M2,FIXE,VITRINE,1220,1760,29/07/2021,01/08/2025,LEMOINE ESPACES VERTS
304,,ST LAURENT BLANGY,62223,CD60  (SORTIE VILLE),"50,28969","2,79964",90°,ST LAURENT LOCOMOTIVE,ZI EST,DROITE,ND,MOBILIER URBAIN,2M2,FIXE,VITRINE,1220,1760,14/11/2017,31/12/2025,CARROSSERIE MANTEL
200,,HENIN BEAUMONT,62223,BOULEVARD EUGENE THOMAS ,"50,39707","2,97206",75°,ZONE AUCHAN,ZONE IKEA,GAUCHE,ND,GRAND FORMAT,12M2,FIXE,TOLE,4000,3000,21/11/2023,31/12/2026,LECLERC ARRADIS
100,,NEUVILLE ST REMY,59554,1 ROUTE DE DOUAI ,,,,,,,ND,GRAND FORMAT,4M2,FIXE,TOLE,2450,1650,,,RENAULT CAMBRAI
321,,ST CATHERINE LES ARRAS,62223,10 BIS AVENUE CHURCHILL ,"50,2977","2,76158",90°,CCIAL AUCHAN,ARRAS BAUDIMONT,GAUCHE,ND,GRAND FORMAT,4M2,FIXE,TOLE,1650,2450,21/11/2023,31/12/2026,LECLERC ARRADIS
322,,ST CATHERINE LES ARRAS,62223,10 BIS AVENUE CHURCHILL ,"50,2977","2,76158",90°,CCIAL AUCHAN,ARRAS BAUDIMONT,GAUCHE,ND,GRAND FORMAT,4M2,FIXE,TOLE,1650,2450,21/11/2023,31/12/2026,LECLERC ARRADIS
140,,DOUAI,59500,124 ROUTE DE BETHUNE ,,,,,,,ND,,5M2,FIXE,,2450,2050,,,DISPONIBLE
331,,ST NICOLAS LES ARRAS,62223,18 RUE DU TIMON ,,,,,,,ND,GRAND FORMAT,4M2,FIXE,TOLE,2450,1650,21/11/2023,31/12/2026,LECLERC ARRADIS
332,,ST NICOLAS LES ARRAS,62223,18 RUE DU TIMON ,,,,,,,ND,GRAND FORMAT,4M2,FIXE,TOLE,2450,1650,,,HOTEL PREMIERE CLASSE
103,,CAMBRAI,59400,233 RUE ST LADRE ,,,,,,,ND,,6M2,FIXE,,4000,1650,,,DISPONIBLE
512,,BRUAY LA BUISSIERE,62700,354 RUE HENRI CADOT ,,,,,,,ND,GRAND FORMAT,12M2,FIXE,TOLE,4000,3000,,, CSVA
149,,WAZIERS,59119,40 ROUTE DE TOURNAI ,,,,,,,ND,GRAND FORMAT,8M2,FIXE,TOLE,4000,2450,,,NON DISPONIBLE
551,,HUCQUELIERS,62650,53 RUE DE LA LONGEVILLE,,,,,,,ND,PRE ENSEIGNE,"1,5M2",FIXE,TOLE,1500,1000,,,
182 RUE DE LABBAYE A HENIN BEAUMONT,#VALEUR !,HENIN BEAUMONT,62223,181 RUE DE L'ABBAYE,"50,42256","2,945885",90°,HARNES COURRIERES,HENIN BEAUMONT CENTRE,,D,GRAND FORMAT,4M2,FIXE,TOLE,2460,1650,,,DISPONIBLE
515,,HENIN BEAUMONT,62110,686 BOULEVARD SCHWEITZER ,,,,,,,ND,GRAND FORMAT,4M2,FIXE,TOLE,2450,1650,,,ARRAS CARRELAGES
484,,DAINVILLE,62000,7 RUE MERMOZ ,,,,,,,ND,GRAND FORMAT,4M2,FIXE,TOLE,3080,1150,,,OPTIQUE DAVUE
147,,GUESNAIN,59287,742 RUE CROISAT,,,,,,,ND,,6M2,FIXE,,2460,2450,,,
104,,CAMBRAI,59400,76 RUE ST DRUON  ,,,,,,,ND,,6M2,FIXE,,2460,2450,,,
ORANGE MECANIQUE AUTO,#VALEUR !,COURRIERES,62710,79 RUE RAOUL BRIQUET ,"50,45049","2,94406",90°,HENIN,COURRIERES,DROITE,D,GRAND FORMAT,6M2,FIXE,,4000,1650,,,DISPONIBLE
541,,WAILLY BEAUCAMP,62170,82 ROUTE NATIONALE,,,,,,,ND,GRAND FORMAT,4M2,FIXE,TOLE,2450,1650,"14,10,2020","18,11,2024",FERNAGUT
107,,CAMBRAI,59400,PLACE DE PICARDIE ,"50,17881","3,24381",90°,CAMBRAI,SOLESMES,GAUCHE,ND,GRAND FORMAT,4M2,FIXE,TOLE,2450,1650,16/07/2024,10/09/2025,LC CLIM
KUBBE BEAURAINS,#VALEUR !,BEAURAINS,62217,ROUTE DE TILLOY ,"50,26648","2,79578",90°,TILLOY,ZI LONGCHAMPS,GAUCHE,D,MOBILIER URBAIN,2M2,FIXE,VITRINE,1220,1760,,,DISPONIBLE
SECURITEST,#VALEUR !,SAINS EN GOHELLE,62114,ROUTE DEPARTEMENTALE ,"50,44628","2,69174",90°,SAINS EN GOHELLE,ROCADE MINIERE,DROITE,D,MOBILIER URBAIN,2M2,FIXE,VITRINE,1220,1760,,,DISPONIBLE
236,,SAINS EN GOHELLE,62114,AVENUE DU PRINCE,"50,44091","2,68451",90°,BOYEFLES,SAINS EN GOHELLE,DROITE,ND,MOBILIER URBAIN,2M2,FIXE,VITRINE,1220,1760,,,COMMUNE DE SAINS EN GOHELLE
COMPAGNIE DES DEBOUCHEURS 20220629_143108,#VALEUR !,HAISNES,62138,ROUTE DEPARTEMENTALE 941 ,"50,52779","2,80312",90°,HAISNES,LA BASSEE,GAUCHE,D,MOBILIER URBAIN,2M2,FIXE,VITRINE,1220,1760,,,DISPONIBLE
PASCAL ALLINCKX,#VALEUR !,HAISNES,62138,ROUTE DEPARTEMENTALE 941 ,"50,51186","2,80702",90°,LA BASSEE,HAISNES,DROITE,ND,MOBILIER URBAIN,2M2,FIXE,VITRINE,1220,1760,14/09/2022,26/09/2024,IAD AURELIEN THOPART
20201008_114516,#VALEUR !,SOUCHEZ,62153,ROUTE DEPARTEMENTALE 947 ,"50,39752","2,74256",90°,ARRAS,BETHUNE,DROITE,D,MOBILIER URBAIN,2M2,FIXE,VITRINE,1220,1760,,,DISPONIBLE 
,,LE PARCQ,62770,ROUTE NATIONALE,"50,37875","2,0982",90°,ST POL,HESDIN,DROITE,ND,MOBILIER URBAIN,2M2,FIXE,VITRINE,1220,1760,12/11/2024,21/11/2025,INVICTA SHOP HESDIN
CORA CARNIERES,#VALEUR !,CARNIERES,59217,ROUTE NATIONALE ,"50,15017","3,3424",90°,CAUDRY,CAMBRAI,DROITE,D,MOBILIER URBAIN,2M2,FIXE,VITRINE,1220,1760,,,DISPONIBLE
ALERTE NUISIBLES 20240131_154055,#VALEUR !,CARNIERES,59217,ROUTE NATIONALE ,"50,14881","3,34697",90°,CAMBRAI,CAUDRY,DROITE,D,MOBILIER URBAIN,2M2,FIXE,VITRINE,1220,1760,,,DISPONIBLE
113,,ESTOURMEL,59400,ROUTE NATIONALE 43 ,,,,,,,ND,PRE ENSEIGNE,"1,5M2",FIXE,TOLE,1500,1000,,,DECATHLON CAMBRAI
222,,MAZINGARBE,62670,RUE ALEXANDRE DUMAS ,"50,46704","2,74381",90°,GRENAY,MAZINGARBE,DROITE,ND,MOBILIER URBAIN,2M2,FIXE,VITRINE,1220,1760,,,COMMUNE DE MAZINGARBE
287,,HERSIN COUPIGNY,62530,RUE BASLY ,,,,,,,ND,MOBILIER URBAIN,2M2,FIXE,VITRINE,1220,1760,,,
288,,HERSIN COUPIGNY,62530,RUE BASLY ,,,,,,,ND,MOBILIER URBAIN,2M2,FIXE,VITRINE,1220,1760,,,
172,,VITRY EN ARTOIS,62490,RUE D'ARTOIS ,"50,32044","2,98721",90°,VITRY CENTRE,VITRY ARTOIS,DROITE,ND,MOBILIER URBAIN,2M2,FIXE,VITRINE,1220,1760,,,COMMUNE DE VITRY
,,ST LAURENT BLANGY,62223,BOULEVARD JULES CESAR,"50,3135","2,82675",90°,RD950,ACTIPARC,GAUCHE,ND,MOBILIER URBAIN,2M2,FIXE,VITRINE,1220,1760,"07,02,2025",28/02/2026,ENVOYE SPECIAL
,,ST LAURENT BLANGY,62223,,,,,,,,ND,MOBILIER URBAIN,,,,,,,,
LEMOINE ESPACES VERTS ACTIPARC ST LAURENT  20250207_161532,#VALEUR !,ST LAURENT BLANGY,62223,BOULEVARD JULES CESAR,"50,3135","2,82675",90°,ACTIPARC,RD950,GAUCHE,ND,MOBILIER URBAIN,2M2,FIXE,VITRINE,1220,1760,"31,01,2025",14/02/2026,LEMOINE ESPACES VERTS
317,,ST LAURENT BLANGY,62223,RUE DES ROSATI,"50,29591","2,79562",90°,ARTOIS EXPO,ST LAURENT CENTRE,DROITE,ND,MOBILIER URBAIN,2M2,FIXE,VITRINE,1220,1760,,,COMMUNE DE ST LAURENT BLANGY
MOBILIER URBAIN RUE DU 8 MAI 45 A HAISNES,#VALEUR !,HAISNES,62138,RUE DU 8 MAI  ,"50,50812","2,79813",90°,AUCHY MAIRIE,HAINES MAIRIE,DROITE,ND,MOBILIER URBAIN,2M2,FIXE,VITRINE,1220,1760,,,COMMUNE DE HAISNES
234,,SAINS EN GOHELLE,62114,RUE DU MARECHAL LECLERC ,"50,44854","2,68533",90°,SAINS RN,SAINS EN GOHELLE MAIRIE,DROITE,ND,MOBILIER URBAIN,2M2,FIXE,VITRINE,1220,1760,,,COMMUNE DE SAINS EN GOHELLE
171,,VITRY EN ARTOIS,62490,RUE LUCIE AUBRAC ,"50,32694","2,97514",90°,VITRY CENTRE,VITRY AUBRAC,DROITE,ND,MOBILIER URBAIN,2M2,FIXE,VITRINE,1220,1760,,,COMMUNE DE VITRY
235,,SAINS EN GOHELLE,62114,RUE SULLY  ,"50,44388","2,67936",90°,HERSIN,SAINS EN  GOHELLE MAIRIE,DROITE,ND,MOBILIER URBAIN,2M2,FIXE,VITRINE,1220,1760,,,COMMUNE DE SAINS EN GOHELLE
289,,HERSIN COUPIGNY,62530,RUE VICTOR HUGO ,,,,,,,ND,MOBILIER URBAIN,2M2,FIXE,VITRINE,1220,1760,,,
DOMINO'S PIZZA 20240521_153832,#VALEUR !,HAISNES,62138,ROUTE DE PARTEMENTALE 941,"50,52592","2,80371",90°,AUCHY LES MINES,LA BASSEE,DROITE,ND,PANNEAU,8M2,FIXE,TOLE,3280,2450,07/05/2024,06/05/2027,DOMINOS PIZZA
DISPO ROUTE DE LA BASSEE,#VALEUR !,HAISNES,62138,ROUTE DE PARTEMENTALE 941,"50,52573","2,80313",90°,LA BASSEE,AUCHY LES MINES,DROITE,D,PANNEAU,8M2,FIXE,TOLE,3280,2450,,,DISPONIBLE
DISPO ROUTE DE LA BASSEE,#VALEUR !,HAISNES,62138,ROUTE DE PARTEMENTALE 947,"50,50112","2,80944",90°,HAISNES,LENS,DROITE,D,PANNEAU,8M2,FIXE,TOLE,3280,2450,,,DISPONIBLE
549,,ORCHIES,59310,,,,,,,,ND,PRE ENSEIGNE,"1,5M2",FIXE,TOLE,1500,1000,,,
227,,BEUVRY,62660,ROUTE DE LENS ,"50,51265","2,68264",90°,LENS,BETHUNE,DROITE,ND,GRAND FORMAT,6M2,FIXE ,LAME,2460,2450,,,AUTOSUR
226,,BEUVRY,62660,ROUTE DE LENS ,"50,51265","2,68264",90°,LENS,BETHUNE,DROITE,ND,GRAND FORMAT,6M2,FIXE ,LAME,2460,2450,25/08/2020,09/09/2025,FUNECAP
229,,BEUVRY,62660,ROUTE DE LENS ,"50,51265","2,68264",90°,BETHUNE,LENS,GAUCHE,ND,GRAND FORMAT,6M2,FIXE ,LAME,2460,2450,03/07/2018,09/08/2025,FG AUTOMOBILES
228,,BEUVRY,62660,ROUTE DE LENS ,"50,51265","2,68264",90°,BETHUNE,LENS,GAUCHE,ND,GRAND FORMAT,6M2,FIXE ,LAME,2460,2450,13/05/2016,30/08/2025,IDEES CARRELAGE
AQUAFIT AVENUE KENNEDY,#VALEUR !,ARRAS,62000,AVENUE KENNEDY  ,"50,28464","2,73985",90°,DAINVILLE,ARRAS,DROITE,ED,GRAND FORMAT,2M2,FIXE ECLAIRE,VITRINE,1220,1760,26/04/2019,16/05/2025,AQUAFIT
,#VALEUR !,ARRAS,62000,AVENUE KENNEDY  ,"50,28464","2,73985",90°,DAINVILLE,ARRAS,DROITE,ND,MOBILIER URBAIN,2M2,FIXE ECLAIRE,VITRINE,1220,1760,18/04/2019,16/05/2025,VDL CHAUFFAGE
QUADRO DAINVILLE 20250113_145413,#VALEUR !,DAINVILLE,62000,CENTRE COMMERCIAL LECLERC ,"50,28304","2,73753",90°,DAINVILLE,ARRAS,DROITE,ED,MOBILIER URBAIN,2M2,FIXE ECLAIRE,VITRINE,1220,1760,13/12/2024,12/01/2026,QUADRO
501,,NEUVILLE ST VAAST,62580,ROUTE DEPARTEMENTALE 937 ,"50,34915","2,74976",90°,BETHUNE,ARRAS,DROITE,ND,MOBILIER URBAIN,2M2,FIXE ECLAIRE,VITRINE,1220,1760,22/11/2024,31/12/2025,AUCHAN ARRAS
499,,NEUVILLE ST VAAST,62580,ROUTE DEPARTEMENTALE 937 ,"50,35884","2,74705",90°,BETHUNE,ARRAS,GAUCHE,ND,MOBILIER URBAIN,2M2,FIXE ECLAIRE,VITRINE,1220,1760,21/11/2023,31/12/2026,LECLERC ARRADIS
500,,NEUVILLE ST VAAST,62580,ROUTE DEPARTEMENTALE 937 ,"50,35146","2,74898",90°,BETHUNE,ARRAS,DROITE,ND,MOBILIER URBAIN,2M2,FIXE ECLAIRE,VITRINE,1220,1760,30/09/2014,19/10/2024,LES FEUX DE LA TARGETTE
,,NEUVILLE ST VAAST,62580,ROUTE DEPARTEMENTALE 937  ,"50,35877","2,74673",90°,BETHUNE,ARRAS,DROITE,ND,MOBILIER URBAIN,2M2,FIXE ECLAIRE,VITRINE,1220,1760,06/02/2023,05/02/2026,MAC DONALD ARRAS DAINVILLE
,,ETRUN,62161,ROUTE NATIONALE RD939,"50,31187","2,69275",90°,ST POL,ARRAS,DROITE,ND,MOBILIER URBAIN,2M2,FIXE ECLAIRE,VITRINE,1220,1760,17/01/2022,27/01/2026,TERRA HOME HABARCQ
502,,NEUVILLE ST VAAST,62580,ROUTE DEPARTEMENTALE 937 ,"50,35884","2,74705",90°,ARRAS,BETHUNE,DROITE,ND,MOBILIER URBAIN,2M2,FIXE ECLAIRE,VITRINE,1220,1760,03/03/2017,17/03/2026,LA TABLE DE PASCAL
258,,ETRUN,62161,ROUTE NATIONALE ,"50,31221","2,69187",90°,ARRAS,ST POL,DROITE,ND,MOBILIER URBAIN,2M2,FIXE ECLAIRE,VITRINE,1220,1760,19/10/1998,05/01/2026,GOSSET 
,,BEAURAINS,62217,BOREAL PARC,"50,26535","2,78276",90°,BEAURAINS,ACHICOURT,GAUCHE,ND,SIGNALETIQUE LOCALE,"0,1M2",SIL,LAME,100,12,27/06/2023,19/07/2025,AU LOCAL TATTOO
,,BEAURAINS,62217,BOREAL PARC,"50,26535","2,78276",90°,BEAURAINS,ACHICOURT,GAUCHE,ND,SIGNALETIQUE LOCALE,"0,1M2",SIL,LAME,100,12,27/06/2023,19/07/2025,AU LOCAL TATTOO
,,BEAURAINS,62217,BOREAL PARC,"50,26339","2,79885",90°,MARKET,ACTION,GAUCHE,ND,SIGNALETIQUE LOCALE,"0,1M2",SIL,LAME,100,12,"27,06,2019",07/07/2025,AFL ARTOIS
379,,ST LAURENT BLANGY,62223,RUE DE DOUAI (VERS GARE)  ,"50,29054","2,78904",90°,ST LAURENT LOCOMOTIVE,ARRAS GARE,GAUCHE,ND,SIGNALETIQUE LOCALE,"0,1M2",SIL,LAME,100,12,28/03/2018,11/04/2025,MARKET ARRAS
364,,ST LAURENT BLANGY,62223,AVENUE DES DROITS DE L'HOMME (DE ARRAS ROSATI),"50,29432","2,78989",90°,ST LAURENT ROSATI,ARRAS MONNET,GAUCHE,ND,SIGNALETIQUE LOCALE,"0,1M2",SIL,LAME,100,12,28/03/2018,11/04/2025, MARKET ARRAS
383,,ST LAURENT BLANGY,62223,D3E1 ,"50,29411","2,79005",90°,ARRAS RD POINT ARTOIS EXPO,ARRAS ROSATI,GAUCHE,D,SIGNALETIQUE LOCALE,"0,1M2",SIL,LAME,100,12,,,DISPONIBLE
384,,ST LAURENT BLANGY,62223,RUE DES ROSATI (FACE ZONE PORTUAIRE) ,"50,29549","2,79147",90°,ST LAURENT MAIRIE,ARTOIS EXPO,DROITE,D,SIGNALETIQUE LOCALE,"0,1M2",SIL,LAME,100,12,,,DISPONIBLE
,,BEAURAINS,62217,BOREAL PARC,"50,26937","2,80007",90°,TILLOY,BEAURAINS,DROITE,ND,SIGNALETIQUE LOCALE,"0,1M2",SIL,LAME,100,12,23/07/2022,25/08/2025,FALCON MOTORS COMPANY
,,BEAURAINS,62217,BOREAL PARC,"50,26532","2,78288",90°,ACHICOURT,BEAURAINS,DROITE,ND,SIGNALETIQUE LOCALE,"0,1M2",SIL,LAME,100,12,27/06/2023,19/07/2025,ATELIER DES NUANCES
,,BEAURAINS,62217,BOREAL PARC,"50,26532","2,78288",90°,ACHICOURT,BEAURAINS,DROITE,ND,SIGNALETIQUE LOCALE,"0,1M2",SIL,LAME,100,12,27/06/2023,19/07/2025,ATELIER DES NUANCES
,,BEAURAINS,62217,BOREAL PARC,"50,26937","2,80007",90°,TILLOY,BOREAL PARC,DROITE,ND,SIGNALETIQUE LOCALE,"0,1M2",SIL,LAME,100,12,12/10/2022,23/10/2024,NICODEME ESPACE AUBADE
BURGER KING ROND POINT BOREAL 20230126_135023,#VALEUR !,BEAURAINS,62217,BOREAL PARC,"50,26939","2,80069",90°,TILLOY,BOREAL PARC,DROITE,ND,SIGNALETIQUE LOCALE,"0,1M2",SIL,LAME,100,12,30/03/2024,29/03/2028,ART ET FENETRES ATLANTIDE
SIL BK BEAURAINS CD60 20220616_090445,#VALEUR !,BEAURAINS,62217,BOREAL PARC,"50,26939","2,80069",90°,TILLOY,BOREAL PARC,DROITE,ND,SIGNALETIQUE LOCALE,"0,1M2",SIL,LAME,100,12,"30,05,2022",15/06/2025,BURGER KING BEAURAINS
478,,FREVENT,62270,ANGLE RUE DE DOULLENS RUE CLEMENCEAU ,"50,2741","2,29165",90°,FREVENT,DOULLENS,DROITE,ND,SIGNALETIQUE LOCALE,"0,1M2",SIL,LAME,100,12,"14,06,2017","14,06,2024",LIDL FREVENT
481,,FREVENT,62270,D916 RUE DE DOULLENS ,"50,26701","2,2918",90°,FREVENT,DOULLENS,DROITE,ND,SIGNALETIQUE LOCALE,"0,1M2",SIL,LAME,100,12,,,THERMIQUE SERVICE France
470,,FREVENT,62270,RUE DE DOULLENS ,"50,27803","2,29131",90°,ST POL,DOULLENS,DROITE,ND,SIGNALETIQUE LOCALE,"0,1M2",SIL,LAME,100,12,"25,09,2017","06,11,2024",ART DU BIEN ETRE
474,,FREVENT,62270,RUE DE DOULLENS FACE POSTE  ,"50,27613","2,29156",90°,FREVENT,DOULLENS,DROITE,D,SIGNALETIQUE LOCALE,"0,1M2",SIL,LAME,100,12,,,DISPONIBLE
479,,FREVENT,62270,ANGLE RUE DE DOULLENS RUE CLEMENCEAU ,"50,2741","2,29165",90°,DOULLENS,FREVENT,GAUCHE,ND,SIGNALETIQUE LOCALE,"0,1M2",SIL,LAME,100,12,"14,06,2017","14,06,2024",LIDL FREVENT
480,,FREVENT,62270,D916 ENTREE ZA ,"50,26632","2,29232",90°,DOULLENS,FREVENT,DROITE,D,SIGNALETIQUE LOCALE,"0,1M2",SIL,LAME,100,12,,,DISPONIBLE
471,,FREVENT,62270,RUE DE DOULLENS,"50,27892","2,29299",90°,ST POL,FREVENT,DROITE,ND,SIGNALETIQUE LOCALE,"0,1M2",SIL,LAME,100,12,"14,06,2017","14,06,2024",LIDL FREVENT
472,,FREVENT,62270,RUE DE DOULLENS,"50,2752","2,28995",90°,ARRAS,FREVENT,DROITE,ND,SIGNALETIQUE LOCALE,"0,1M2",SIL,LAME,100,12,07/04/2017,15/05/2025,POMPES FUNEBRES DELORY
466,,FREVENT,62270,RUE DE DOULLENS ,"50,27892","2,29299",90°,ST POL,FREVENT,DROITE,ND,SIGNALETIQUE LOCALE,"0,1M2",SIL,LAME,100,12,07/04/2017,24/04/2025,ISAFLORE
467,,FREVENT,62270,RUE DE DOULLENS ,"50,27802","2,29252",90°,ST POL,FREVENT,DROITE,ND,SIGNALETIQUE LOCALE,"0,1M2",SIL,LAME,100,12,"14,06,2017","14,06,2024",LIDL FREVENT
469,,FREVENT,62270,RUE DE DOULLENS ,"50,27892","2,29299",90°,ST POL,FREVENT,DROITE,ND,SIGNALETIQUE LOCALE,"0,1M2",SIL,LAME,100,12,,,SYLVIE CLERET
468,,FREVENT,62270,RUE DE DOULLENS 62270 FREVENT,"50,27892","2,29299",90°,ARRAS,FREVENT,DROITE,ND,SIGNALETIQUE LOCALE,"0,1M2",SIL,LAME,100,12,07/04/2017,15/05/2025,POMPES FUNEBRES DELORY
477,,FREVENT,62270,RUE PHILIPPE LEBAS  ,"50,27541","2,29159",90°,HESDIN,FREVENT,DROITE,D,SIGNALETIQUE LOCALE,"0,1M2",SIL,LAME,100,12,,,DISPONIBLE
290,,HERSIN COUPIGNY,62530,ROUTE DEPARTEMENTALE 188/ROUTE DEPARTEMENTALE 165 ,"50,44899","2,64885",45°,BULLY,HERSIN MAIRIE,FACE,ND,SIGNALETIQUE LOCALE,"0,1M2",SIL,LAME,100,12,"06,09,2018","05,09,2025",FRITERIE HERSINOISE
,,BEAURAINS,62217,BOREAL PARC,"50,26456","2,79788",90°,ROND POINT ENTREE EST,MARKET,GAUCHE,ND,SIGNALETIQUE LOCALE,"0,1M2",SIL,LAME,100,12,"27,06,2019",07/07/2025,AFL ARTOIS
26,,BEAURAINS,62217,BOREAL PARC,"50,26456","2,79788",90°,ROND POINT ENTREE EST,MARKET,GAUCHE,ND,SIGNALETIQUE LOCALE,"0,1M2",SIL,LAME,100,12,18/11/2016,21/12/2025,AMIPRO
30,,BEAURAINS,62217,BOREAL PARC,"50,26456","2,79788",90°,ROND POINT ENTREE EST,MARKET,GAUCHE,ND,SIGNALETIQUE LOCALE,"0,1M2",SIL,LAME,100,12,10/07/2018,22/07/2025,ID PARQUET
KRYS ENTREE EST 20211123_114319,#VALEUR !,BEAURAINS,62217,BOREAL PARC,"50,26456","2,79788",90°,ROND POINT ENTREE OUEST,MARKET,GAUCHE,ND,SIGNALETIQUE LOCALE,"0,1M2",SIL,LAME,100,12,21/03/2017,09/04/2025,SUBWAY
31,,BEAURAINS,62217,BOREAL PARC,"50,26456","2,79788",90°,ROND POINT ENTREE EST,MARKET,GAUCHE,ND,SIGNALETIQUE LOCALE,"0,1M2",SIL,LAME,100,12,06/09/2017,06/09/2025,VDL CHAUFFAGE
473,,FREVENT,62270,RUE JULES FERRY ,"50,27731","2,29155",90°,FREVENT CENTRE,MARKET,DROITE,ND,SIGNALETIQUE LOCALE,"0,1M2",SIL,LAME,100,12,"14,06,2017","14,06,2024",LIDL FREVENT
475,,FREVENT,62270,ROND POINT RD916/SOLIDARITE ,"50,27538","2,29222",90°,HESDIN,PISCINE,DROITE,D,SIGNALETIQUE LOCALE,"0,1M2",SIL,LAME,100,12,,,DISPONIBLE
,,BEAURAINS,62217,BOREAL PARC,"50,26937","2,80007",90°,BAPAUME,ROND POINT CHOUETTE,DROITE,ND,SIGNALETIQUE LOCALE,"0,1M2",SIL,LAME,100,12,"05,11,2020","11,11,2025",LA MAISON DES OBSEQUES
,,BEAURAINS,62217,BOREAL PARC,"50,26929","2,80008",90°,TILLOY,ROND POINT CHOUETTE,DROITE,ND,SIGNALETIQUE LOCALE,"0,1M2",SIL,LAME,100,12,"05,11,2020","11,11,2025",LA MAISON DES OBSEQUES
38,,BEAURAINS,62217,BOREAL PARC,"50,26937","2,80007",90°,BAPAUME,ROND POINT CHOUETTE,DROITE,ND,SIGNALETIQUE LOCALE,"0,1M2",SIL,LAME,100,12,"08,06,2017",25/06/2025,SDEM
,,BEAURAINS,62217,BOREAL PARC,"50,26457","2,79573",90°,ROND POINT ENTREE EST,RUE DES PAQUERETTES,DROITE,ND,SIGNALETIQUE LOCALE,"0,1M2",SIL,LAME,100,12,"27,06,2019",07/07/2025,AFL ARTOIS
19,,BEAURAINS,62217,BOREAL PARC,"50,26457","2,79573",90°,ROND POINT ENTREE EST,RUE DES PAQUERETTES,DROITE,ND,SIGNALETIQUE LOCALE,"0,1M2",SIL,LAME,100,12,18/11/2016,21/12/2025,AMIPRO
13,,BEAURAINS,62217,BOREAL PARC,"50,26456","2,79788",90°,ROND POINT ENTREE EST,RUE DES PAQUERETTES,DROITE,ND,SIGNALETIQUE LOCALE,"0,1M2",SIL,LAME,100,12,04/03/2024,14/06/2025,ART ET FENETRES ATLANTIDE
27,,BEAURAINS,62217,BOREAL PARC,"50,26308","2,79578",90°,ROND POINT ENTREE OUEST,RUE DES PAQUERETTES,DROITE,ND,SIGNALETIQUE LOCALE,"0,1M2",SIL,LAME,100,12,04/03/2024,14/06/2025,ART ET FENETRES ATLANTIDE
32,,BEAURAINS,62217,BOREAL PARC,"50,26316","2,79581",90°,ENTREE EST,RUE DES PAQUERETTES,DROITE,ND,SIGNALETIQUE LOCALE,"0,1M2",SIL,LAME,100,12,04/03/2024,14/06/2025,ART ET FENETRES ATLANTIDE
15,,BEAURAINS,62217,BOREAL PARC,"50,26850","2,80046",90°,ROND POINT ENTREE NORD,RUE DES PAQUERETTES,GAUCHE,ND,SIGNALETIQUE LOCALE,"0,1M2",SIL,LAME,100,12,09/07/2024,31/07/2025,AUX PUCES DE BEAURAINS 
14,,BEAURAINS,62217,BOREAL PARC,"50,26316","2,79581",90°,ENTREE EST,RUE DES PAQUERETTES,DROITE,ND,SIGNALETIQUE LOCALE,"0,1M2",SIL,LAME,100,12,"22,05,2017",25/06/2025,CARPREMIUM
33,,BEAURAINS,62217,BOREAL PARC,"50,26308","2,79578",90°,ENTREE OUEST,RUE DES PAQUERETTES,DROITE,ND,SIGNALETIQUE LOCALE,"0,1M2",SIL,LAME,100,12,"22,05,2017",25/06/2025,CARPREMIUM
17,,BEAURAINS,62217,BOREAL PARC,"50,26573","2,79915",90°,ROND POINT ENTREE NORD,RUE DES PAQUERETTES,DROITE,ND,SIGNALETIQUE LOCALE,"0,1M2",SIL,LAME,100,12,30/11/2018,09/12/2024,HARMONY DS FITNESS
29,,BEAURAINS,62217,BOREAL PARC,"50,26451","2,79701",90°,BRETELLE ENTREE NORD,RUE DES PAQUERETTES,DROITE,ND,SIGNALETIQUE LOCALE,"0,1M2",SIL,LAME,100,12,30/11/2018,09/12/2024,HARMONY DS FITNESS
21,,BEAURAINS,62217,BOREAL PARC,"50,26850","2,80046",90°,ROND POINT ENTREE EST,RUE DES PAQUERETTES,DROITE,ND,SIGNALETIQUE LOCALE,"0,1M2",SIL,LAME,100,12,10/07/2018,22/07/2025,ID PARQUET
41,,BEAURAINS,62217,BOREAL PARC,"50,26457","2,79573",90°,ROND POINT ENTREE EST,RUE DES PAQUERETTES,GAUCHE,ND,SIGNALETIQUE LOCALE,"0,1M2",SIL,LAME,100,12,10/07/2018,22/07/2025,ID PARQUET
24,,BEAURAINS,62217,BOREAL PARC,"50,26457","2,79573",90°,ROND POINT ENTREE EST,RUE DES PAQUERETTES,DROITE,ND,SIGNALETIQUE LOCALE,"0,1M2",SIL,LAME,100,12,"18,05,2017","14,06,2024",KAVALCAD
28,,BEAURAINS,62217,BOREAL PARC,"50,26456","2,79788",90°,RUE DES BLEUETS,RUE DES PAQUERETTES,GAUCHE,ND,SIGNALETIQUE LOCALE,"0,1M2",SIL,LAME,100,12,"18,05,2017","14,06,2024",KAVALCAD
46,,BEAURAINS,62217,BOREAL PARC,"50,26574","2,79914",90°,AVENUE DES COQUELICOTS,RUE DES PAQUERETTES,DROITE,ND,SIGNALETIQUE LOCALE,"0,1M2",SIL,LAME,100,12,"18,05,2017","14,06,2024",KAVALCAD
AFL SIL 2,#VALEUR !,BEAURAINS,62217,BOREAL PARC,"50,26457","2,79573",90°,ROND POINT ENTREE EST,RUE DES PAQUERETTES,GAUCHE,ND,SIGNALETIQUE LOCALE,"0,1M2",SIL,LAME,100,12,21/03/2017,09/04/2025,SUBWAY
20240731_094715,#VALEUR !,BEAURAINS,62217,BOREAL PARC,"50,26308","2,79578",90°,ENTREE OUEST,RUE DES PAQUERETTES,DROITE,ND,SIGNALETIQUE LOCALE,"0,1M2",SIL,LAME,100,12,21/03/2017,09/04/2025,SUBWAY
23,,BEAURAINS,62217,BOREAL PARC,"50,26457","2,79573",90°,ROND POINT ENTREE EST,RUE DES PAQUERETTES,DROITE,ND,SIGNALETIQUE LOCALE,"0,1M2",SIL,LAME,100,12,06/09/2017,06/09/2025,VDL CHAUFFAGE
SIL BK ENTREE BOREAL PARC 20230126_141415,#VALEUR !,BEAURAINS,62217,BOREAL PARC,"50,2685","2,80046",90°,ROND POINT ENTREE EST,RUE DES PAQUERETTES,DROITE,ND,SIGNALETIQUE LOCALE,"0,1M2",SIL,LAME,100,12,"30,05,2022",15/06/2025,BURGER KING BEAURAINS
343,,,,BRETELLE DE SORTIE RD950 VENANT DE ARRAS,"50,30714","2,80194",180°,RD950 ARRAS,RUE DU 14 JUILLET,FACE,ND,SIGNALETIQUE LOCALE,"0,1M2",SIL,LAME,100,12,"07,06,2017",29/06/2025,PIERRE NOE
414,,ST LAURENT BLANGY,62223,RUE DU 14 JUILLET ,"50,30363","2,80341",90°,ST LAURENT CAUCHY,RUE DU 14 JUILLET,GAUCHE,D,SIGNALETIQUE LOCALE,"0,1M2",SIL,LAME,100,12,,,DISPONIBLE
,,ST LAURENT BLANGY,62223,RUE DU 14 JUILLET ,"50,30363","2,80341",90°,ST LAURENT CAUCHY,RUE DU 14 JUILLET,GAUCHE,ND,SIGNALETIQUE LOCALE,"0,1M2",SIL,LAME,100,12,"07,06,2017",29/06/2025,PIERRE NOE
413,,ST LAURENT BLANGY,62223,RUE DU 14 JUILLET ,"50,30363","2,80341",90°,ST LAURENT CAUCHY,RUE DU 14 JUILLET,GAUCHE,ND,SIGNALETIQUE LOCALE,"0,1M2",SIL,LAME,100,12,"26,10,2016","22,11,2024",SETREM
415,,ST LAURENT BLANGY,62223,RUE DU 14 JUILLET ,"50,30363","2,80341",90°,ST LAURENT CAUCHY,RUE DU 14 JUILLET,GAUCHE,ND,SIGNALETIQUE LOCALE,"0,1M2",SIL,LAME,100,12,,,WOITRAIN
35,,BEAURAINS,62217,BOREAL PARC,"50,26402","2,79794",90°,ENTREE SUD,SATION SERVICE,DROITE,ND,SIGNALETIQUE LOCALE,"0,1M2",SIL,LAME,100,12,09/07/2024,31/07/2025,AUX PUCES DE BEAURAINS 
,,ST LAURENT BLANGY,62223,ENTREE ZA DES CHEMINS CROISES ,"50,30907","2,80291",45°,ZA CHEMINS CROISES,SDIS,GAUCHE,ND,SIGNALETIQUE LOCALE,"0,1M2",SIL,LAME,100,12,01/07/2022,06/07/2025,EDP ARTOIS
,,ST LAURENT BLANGY,62223,ENTREE ZA DES CHEMINS CROISES FACE SDIS,"50,30907","2,80291",0°,ENTREE ZA CHEMINS CROISES,SDIS,GAUCHE,ND,SIGNALETIQUE LOCALE,"0,1M2",SIL,LAME,100,12,04/02/2020,13-févr.,CGED
353,,ST LAURENT BLANGY,62223,ENTREE ZA DES CHEMINS CROISES FACE SDIS ,"50,30907","2,80291",0°,ENTREE ZA CHEMINS CROISES,SDIS,GAUCHE,ND,SIGNALETIQUE LOCALE,"0,1M2",SIL,LAME,100,12,,,ARRAS NETWORK
354,,ST LAURENT BLANGY,62223,ENTREE ZA DES CHEMINS CROISES FACE SDIS ,"50,30907","2,80291",0°,ENTREE ZA CHEMINS CROISES,SDIS,GAUCHE,ND,SIGNALETIQUE LOCALE,"0,1M2",SIL,LAME,100,12,,,CLF SATREM
351,,ST LAURENT BLANGY,62223,ENTREE ZA DES CHEMINS CROISES FACE SDIS ,"50,30907","2,80291",0°,ENTREE ZA CHEMINS CROISES,SDIS,GAUCHE,ND,SIGNALETIQUE LOCALE,"0,1M2",SIL,LAME,100,12,,,CLF SATREM
352,,ST LAURENT BLANGY,62223,ENTREE ZA DES CHEMINS CROISES FACE SDIS ,"50,30907","2,80291",0°,ENTREE ZA CHEMINS CROISES,SDIS,GAUCHE,ND,SIGNALETIQUE LOCALE,"0,1M2",SIL,LAME,100,12,,,DILIGENCIA
,,ST LAURENT BLANGY ,62223,ENTREE ZA DES CHEMINS CROISES FACE SDIS ,"50,30907","2,80291",0°, ZA CHEMINS CROISES,SDIS,GAUCHE,ND,SIGNALETIQUE LOCALE,"0,1M2",SIL,LAME,100,12,29/07/2019,31/08/2025,SPIE
412,,ST LAURENT BLANGY,62223,RUE CHRETIEN LANTOINE ,"50,30431","2,81071",90°,ST LAURENT VERSAILLES,SERVICES TECHNIQUES,GAUCHE,D,SIGNALETIQUE LOCALE,"0,1M2",SIL,LAME,100,12,,,DISPONIBLE
355,,ST LAURENT BLANGY,62223,AVENUE DES DROITS DE L'HOMME ,"50,29432","2,78989",90°,ARRAS MONNET,ST LAURENT ,GAUCHE,ND,SIGNALETIQUE LOCALE,"0,1M2",SIL,LAME,100,12,22/11/2016,31/12/2024,A2000
15,#VALEUR !,ST LAURENT BLANGY,62223,RUE DU GENERAL DE GAULLE ,"50,29702","2,80326",90°,ST LAURENT MAIRIE,ST LAURENT  ROSATI ,GAUCHE,ND,SIGNALETIQUE LOCALE,"0,1M2",SIL,LAME,100,12,22/11/2016,08/12/2025,CARROSSERIE MANTEL
7B,#VALEUR !,ST LAURENT BLANGY,62223,AVENUE DES DROITS DE L'HOMME DE LOCOMOTIVE VERS ARTOIS EXPO,"50,29432","2,78989",90°,ARRAS MONNET,ST LAURENT ARTOIS EXPO,GAUCHE,ND,SIGNALETIQUE LOCALE,"0,1M2",SIL,LAME,100,12,"08,11,2016","22,11,2025",FUNNY PARC
,#VALEUR !,ST LAURENT BLANGY,62223,AVENUE DES DROITS DE L'HOMME DE MONNET VERS ARTOIS EXPO,"50,29432","2,78989",90°,ARRAS MONNET,ST LAURENT ARTOIS EXPO,GAUCHE,ND,SIGNALETIQUE LOCALE,"0,1M2",SIL,LAME,100,12,02/09/2016,22/01/2026,ACE HOTEL
ARMURERIE PBG 62 20220817_122531,#VALEUR !,ST LAURENT BLANGY,62223,AVENUE DES DROITS DE L'HOMME DE MONNET VERS ARTOIS EXPO,"50,29432","2,78989",90°,ARRAS MONNET,ST LAURENT ARTOIS EXPO,GAUCHE,D,SIGNALETIQUE LOCALE,"0,1M2",SIL,LAME,100,12,,,DISPONIBLE
ARMURERIE PBG 62 20220817_122531,#VALEUR !,ST LAURENT BLANGY,62223,AVENUE DES DROITS DE L'HOMME DE MONNET VERS ARTOIS EXPO,"50,29432","2,78989",90°,ARRAS MONNET,ST LAURENT ARTOIS EXPO,GAUCHE,ND,SIGNALETIQUE LOCALE,"0,1M2",SIL,LAME,100,12,22/11/2016,08/12/2025,CARROSSERIE MANTEL
ARMURERIE PBG 62 20220817_122531,#VALEUR !,ST LAURENT BLANGY,62223,AVENUE DES DROITS DE L'HOMME DE MONNET VERS ARTOIS EXPO,"50,29432","2,78989",90°,ARRAS MONNET,ST LAURENT ARTOIS EXPO,GAUCHE,ND,SIGNALETIQUE LOCALE,"0,1M2",SIL,LAME,100,12,"08,11,2016","22,11,2025",FUNNY PARC
ARMURERIE PBG 62 20220817_122531,#VALEUR !,ST LAURENT BLANGY,62223,AVENUE DES DROITS DE L'HOMME DE MONNET VERS ARTOIS EXPO,"50,29432","2,78989",90°,ARRAS MONNET,ST LAURENT ARTOIS EXPO,GAUCHE,ND,SIGNALETIQUE LOCALE,"0,1M2",SIL,LAME,100,12,17/11/2016,08/12/2025,LA TAVERNE DES GAULOIS
ARMURERIE PBG 62 20220817_122531,#VALEUR !,ST LAURENT BLANGY,62223,AVENUE DES DROITS DE L'HOMME DE MONNET VERS ARTOIS EXPO,"50,29432","2,78989",90°,ARRAS MONNET,ST LAURENT ARTOIS EXPO,GAUCHE,ND,SIGNALETIQUE LOCALE,"0,1M2",SIL,LAME,100,12,21/11/2023,31/12/2026,LECLERC ARRADIS
ARMURERIE PBG 62 20220817_122531,#VALEUR !,ST LAURENT BLANGY,62223,AVENUE DES DROITS DE L'HOMME DE MONNET VERS ARTOIS EXPO,"50,29449","2,78995",90°,ARRAS MONNET,ST LAURENT ARTOIS EXPO,GAUCHE,ND,SIGNALETIQUE LOCALE,"0,1M2",SIL,LAME,100,12,28/03/2018,11/04/2025,MARKET ARRAS
ARMURERIE PBG 62 20220817_122531,#VALEUR !,ST LAURENT BLANGY,62223,AVENUE DES DROITS DE L'HOMME DE MONNET VERS ARTOIS EXPO,"50,29432","2,78989",90°,ARRAS MONNET,ST LAURENT ARTOIS EXPO,GAUCHE,ND,SIGNALETIQUE LOCALE,"0,1M2",SIL,LAME,100,12,05/09/2019,31/12/2024,OPTICAL CENTER 
ARMURERIE PBG 62 20220817_122531,#VALEUR !,ST LAURENT BLANGY,62223,AVENUE DES DROITS DE L'HOMME DE MONNET VERS ARTOIS EXPO,"50,29432","2,78989",90°,ARRAS MONNET,ST LAURENT ARTOIS EXPO,GAUCHE,ND,SIGNALETIQUE LOCALE,"0,1M2",SIL,LAME,100,12,22/03/2017,24/04/2025,SIO
ARMURERIE PBG 62 20220817_122531,#VALEUR !,ST LAURENT BLANGY,62223,AVENUE DES DROITS DE L'HOMME DE MONNET VERS ARTOIS EXPO,"50,29432","2,78989",90°,ARRAS MONNET,ST LAURENT ARTOIS EXPO,GAUCHE,ND,SIGNALETIQUE LOCALE,"0,1M2",SIL,LAME,100,12,04/08/2022,16/08/2024,EVASION DEVELOPPEMENT
373,,ST LAURENT BLANGY,62223,ROND POINT DE LA LOCOMOTIVE FACE VERSO ,"50,29278","2,79323",90°,ZI EST,ST LAURENT ARTOIS EXPO,GAUCHE,ND,SIGNALETIQUE LOCALE,"0,1M2",SIL,LAME,100,12,"08,11,2016","22,11,2025",FUNNY PARC
372,,ST LAURENT BLANGY,62223,ROND POINT DE LA LOCOMOTIVE FACE VERSO ,"50,29278","2,79323",90°,ZI EST,ST LAURENT ARTOIS EXPO,GAUCHE,ND,SIGNALETIQUE LOCALE,"0,1M2",SIL,LAME,100,12,21/11/2023,31/12/2026,LECLERC ARRADIS
369,,ST LAURENT BLANGY,62223,ROND POINT DE LA LOCOMOTIVE FACE VERSO ,"50,29278","2,79323",90°,ZI EST,ST LAURENT ARTOIS EXPO,GAUCHE,ND,SIGNALETIQUE LOCALE,"0,1M2",SIL,LAME,100,12,28/03/2018,11/04/2025,MARKET ARRAS
16A,#VALEUR !,ST LAURENT BLANGY,62223,RUE LAURENT GERS FACE MAIRIE,"50,29883","2,80223",90°,ST LAURENT CENTRE,ST LAURENT BASE NAUTIQUE,DROITE,D,SIGNALETIQUE LOCALE,"0,1M2",SIL,LAME,100,12,,,DISPONIBLE
16A,#VALEUR !,ST LAURENT BLANGY,62223,RUE LAURENT GERS FACE MAIRIE,"50,29883","2,80223",90°,ST LAURENT CENTRE,ST LAURENT BASE NAUTIQUE,DROITE,ND,SIGNALETIQUE LOCALE,"0,1M2",SIL,LAME,100,12,22/11/2016,08/12/2025,CARROSSERIE MANTEL
16A,#VALEUR !,ST LAURENT BLANGY,62223,RUE LAURENT GERS FACE MAIRIE,"50,29883","2,80223",90°,ST LAURENT CENTRE,ST LAURENT BASE NAUTIQUE,DROITE,ND,SIGNALETIQUE LOCALE,"0,1M2",SIL,LAME,100,12,28/03/2018,11/04/2025,MARKET ARRAS
CATRY BAYART 20250303_141629,#VALEUR !,ST LAURENT BLANGY,62223,BRETELLE DE SORTIE RD950 VENANT DE ARRAS,"50,30714","2,80194",0°,RD950 ARRAS,ST LAURENT CENTRE,DE FACE,ND,SIGNALETIQUE LOCALE,"0,1M2",SIL,LAME,100,12,22/11/2016,31/12/2024,A2000
CATRY BAYART 20250303_141629,#VALEUR !,ST LAURENT BLANGY,62223,BRETELLE DE SORTIE RD950 VENANT DE ARRAS,"50,30714","2,80194",0°,RD950 ARRAS,ST LAURENT CENTRE,DE FACE,ND,SIGNALETIQUE LOCALE,"0,1M2",SIL,LAME,100,12,17/03/2025,16/03/2026,CATRY BAYART
CATRY BAYART 20250303_141629,#VALEUR !,ST LAURENT BLANGY,62223,BRETELLE DE SORTIE RD950 VENANT DE ARRAS,"50,30714","2,80194",0°,RD950 ARRAS,ST LAURENT CENTRE,DE FACE,D,SIGNALETIQUE LOCALE,"0,1M2",SIL,LAME,100,12,,,DISPONIBLE
CATRY BAYART 20250303_141629,#VALEUR !,ST LAURENT BLANGY,62223,BRETELLE DE SORTIE RD950 VENANT DE ARRAS,"50,30714","2,80194",0°,RD950 ARRAS,ST LAURENT CENTRE,DE FACE,ND,SIGNALETIQUE LOCALE,"0,1M2",SIL,LAME,100,12,22/11/2016,08/12/2025,CARROSSERIE MANTEL
CATRY BAYART 20250303_141629,#VALEUR !,ST LAURENT BLANGY,62223,BRETELLE DE SORTIE RD950 VENANT DE ARRAS,"50,30714","2,80194",0°,RD950 ARRAS,ST LAURENT CENTRE,DE FACE,ND,SIGNALETIQUE LOCALE,"0,1M2",SIL,LAME,100,12,04/02/2020,13-févr.,CGED
CATRY BAYART 20250303_141629,#VALEUR !,ST LAURENT BLANGY,62223,BRETELLE DE SORTIE RD950 VENANT DE ARRAS,"50,30714","2,80194",0°,RD950 ARRAS,ST LAURENT CENTRE,DE FACE,ND,SIGNALETIQUE LOCALE,"0,1M2",SIL,LAME,100,12,04/02/2020,13-févr.,CGED
CATRY BAYART 20250303_141629,#VALEUR !,ST LAURENT BLANGY,62223,BRETELLE DE SORTIE RD950 VENANT DE ARRAS,"50,30714","2,80194",0°,RD950 ARRAS,ST LAURENT CENTRE,DE FACE,ND,SIGNALETIQUE LOCALE,"0,1M2",SIL,LAME,100,12,,,DILIGENCIA
CATRY BAYART 20250303_141629,#VALEUR !,ST LAURENT BLANGY,62223,BRETELLE DE SORTIE RD950 VENANT DE ARRAS,"50,30714","2,80194",0°,RD950 ARRAS,ST LAURENT CENTRE,DE FACE,ND,SIGNALETIQUE LOCALE,"0,1M2",SIL,LAME,100,12,,,DILIGENCIA
CATRY BAYART 20250303_141629,#VALEUR !,ST LAURENT BLANGY,62223,BRETELLE DE SORTIE RD950 VENANT DE ARRAS,"50,30714","2,80194",0°,RD950 ARRAS,ST LAURENT CENTRE,DE FACE,ND,SIGNALETIQUE LOCALE,"0,1M2",SIL,LAME,100,12,21/11/2023,31/12/2026,LECLERC ARRADIS
CATRY BAYART 20250303_141629,#VALEUR !,ST LAURENT BLANGY,62223,BRETELLE DE SORTIE RD950 VENANT DE ARRAS,"50,30714","2,80194",0°,RD950 ARRAS,ST LAURENT CENTRE,DE FACE,ND,SIGNALETIQUE LOCALE,"0,1M2",SIL,LAME,100,12,21/11/2023,31/12/2026,LECLERC ARRADIS
CATRY BAYART 20250303_141629,#VALEUR !,ST LAURENT BLANGY,62223,BRETELLE DE SORTIE RD950 VENANT DE ARRAS,"50,30714","2,80194",0°,RD950 ARRAS,ST LAURENT CENTRE,DE FACE,ND,SIGNALETIQUE LOCALE,"0,1M2",SIL,LAME,100,12,22/03/2017,24/04/2025,SIO
CATRY BAYART 20250303_141629,#VALEUR !,ST LAURENT BLANGY ,62223,BRETELLE DE SORTIE RD950 VENANT DE ARRAS,"50,30714","2,80194",0°,RD950 ARRAS,ST LAURENT CENTRE,DE FACE,ND,SIGNALETIQUE LOCALE,"0,1M2",SIL,LAME,100,12,29/07/2019,31/08/2025,SPIE
CATRY BAYART 20250303_141629,#VALEUR !,ST LAURENT BLANGY ,62223,BRETELLE DE SORTIE RD950 VENANT DE ARRAS,"50,30714","2,80194",0°,RD950 ARRAS,ST LAURENT CENTRE,DE FACE,ND,SIGNALETIQUE LOCALE,"0,1M2",SIL,LAME,100,12,,,WOITRAIN
CATRY BAYART 20250303_141629,#VALEUR !,ST LAURENT BLANGY,62223,BRETELLE DE SORTIE RD950 VENANT DE ARRAS,"50,30714","2,80194",0°,RD950 ARRAS,ST LAURENT CENTRE,DE FACE,ND,SIGNALETIQUE LOCALE,"0,1M2",SIL,LAME,100,12,"11,01,2023",18/01/2026,ATELIER CENTRE AUTO
SPIE2,#VALEUR !,ST LAURENT BLANGY,62223,BRETELLE DE SORTIE RD950 VENANT DE LILLE,"50,30918","2,80207",0°,RD950 LILLE,ST LAURENT CENTRE,GAUCHE,ND,SIGNALETIQUE LOCALE,"0,1M2",SIL,LAME,100,12,22/03/2017,24/04/2025,SIO
SPIE2,#VALEUR !,ST LAURENT BLANGY ,62223,BRETELLE DE SORTIE RD950 VENANT DE LILLE,"50,30918","2,80207",90°,RD950 LILLE,ST LAURENT CENTRE,GAUCHE,ND,SIGNALETIQUE LOCALE,"0,1M2",SIL,LAME,100,12,29/07/2019,31/08/2025,SPIE
SPIE2,#VALEUR !,ST LAURENT BLANGY,62223,BRETELLE DE SORTIE RD950 VENANT DE LILLE,"50,30918","2,80207",90°,RD950 LILLE,ST LAURENT CENTRE,GAUCHE,ND,SIGNALETIQUE LOCALE,"0,1M2",SIL,LAME,100,12,"11,01,2023",18/01/2026,ATELIER CENTRE AUTO
399,,ST LAURENT BLANGY,62223,RUE LAURENT GERS ,"50,29702","2,80326",90°,ST LAURENT ARTOIS EXPO,ST LAURENT CENTRE,GAUCHE,ND,SIGNALETIQUE LOCALE,"0,1M2",SIL,LAME,100,12,21/11/2023,31/12/2026,LECLERC ARRADIS
8,#VALEUR !,ST LAURENT BLANGY,62223, ROND POINT LOCOMOTIVE COTE ALDI ,"50,2924","2,79375",90°,ZI EST,ST LAURENT LOCOMOTIVE,GAUCHE,ND,SIGNALETIQUE LOCALE,"0,1M2",SIL,LAME,100,12,22/11/2016,08/12/2025,CARROSSERIE MANTEL
382,,ST LAURENT BLANGY,62223,AVENUE DES DROITS DE L'HOMME  ,"50,29449","2,78995",90°,ARRAS MONNET,ST LAURENT LOCOMOTIVE,DROITE,ND,SIGNALETIQUE LOCALE,"0,1M2",SIL,LAME,100,12,28/03/2018,11/04/2025,MARKET ARRAS
375,,ST LAURENT BLANGY,62223,CD 60 (VENANT ZI EST / PROCHE ALDIMARCHE ) ,"50,29254","2,7939",90°,ZI EST,ST LAURENT LOCOMOTIVE,GAUCHE,D,SIGNALETIQUE LOCALE,"0,1M2",SIL,LAME,100,12,,,DISPONIBLE
376,,ST LAURENT BLANGY,62223,CD 60 (VENANT ZI EST / PROCHE ALDIMARCHE ) ,"50,29254","2,7939",90°,ZI EST,ST LAURENT LOCOMOTIVE,GAUCHE,ND,SIGNALETIQUE LOCALE,"0,1M2",SIL,LAME,100,12,27/01/2017,14/02/2025,COPIN DESIGN
377,,ST LAURENT BLANGY,62223,CD 60 (VENANT ZI EST / PROCHE ALDIMARCHE ) ,"50,29254","2,7939",90°,ZI EST,ST LAURENT LOCOMOTIVE,GAUCHE,ND,SIGNALETIQUE LOCALE,"0,1M2",SIL,LAME,100,12,21/11/2023,31/12/2026,LECLERC ARRADIS
378,,ST LAURENT BLANGY,62223,CD 60 (VENANT ZI EST / PROCHE ALDIMARCHE ) ,"50,29254","2,7939",90°,ZI EST,ST LAURENT LOCOMOTIVE,GAUCHE,ND,SIGNALETIQUE LOCALE,"0,1M2",SIL,LAME,100,12,28/03/2018,11/04/2025,MARKET ARRAS
,,ST LAURENT BLANGY,62223,CD 60 (VENANT ZI EST / PROCHE ALDIMARCHE ) ,"50,29254","2,7939",90°,ZI EST,ST LAURENT LOCOMOTIVE,GAUCHE,ND,SIGNALETIQUE LOCALE,"0,1M2",SIL,LAME,100,12,,,LE GARAGE DES CAILLOUX
381,,ST LAURENT BLANGY,62223,RUE DE DOUAI (DE LA GARE) ,"50,29054","2,78904",90°,ARRAS GARE,ST LAURENT LOCOMOTIVE,DROITE,D,SIGNALETIQUE LOCALE,"0,1M2",SIL,LAME,100,12,,,DISPONIBLE
380,,ST LAURENT BLANGY,62223,RUE DE DOUAI (DE LA GARE) ,"50,29054","2,78904",90°,ARRAS GARE,ST LAURENT LOCOMOTIVE,DROITE,ND,SIGNALETIQUE LOCALE,"0,1M2",SIL,LAME,100,12,28/03/2018,11/04/2025,MARKET ARRAS
,,ST LAURENT BLANGY,62223,CD 60 (VENANT ZI EST / PROCHE ALDIMARCHE ) ,"50,29254","2,7939",90°,ZI EST,ST LAURENT LOMOTIVE,GAUCHE,ND,SIGNALETIQUE LOCALE,"0,1M2",SIL,LAME,100,12,04/08/2022,16/08/2024,EVASION DEVELOPPEMENT
15,#VALEUR !,ST LAURENT BLANGY,62223,RUE DU GENERAL DE GAULLE ,"50,29702","2,80326",90°°,ST LAURENT MAIRIE,ST LAURENT ROSATI,GAUCHE,ND,SIGNALETIQUE LOCALE,"0,1M2",SIL,LAME,100,12,17/11/2016,08/12/2025,LA TAVERNE DES GAULOIS
15,#VALEUR !,ST LAURENT BLANGY,62223,RUE DU GENERAL DE GAULLE ,"50,29702","2,80326",90°,ST LAURENT MAIRIE,ST LAURENT ROSATI,GAUCHE,ND,SIGNALETIQUE LOCALE,"0,1M2",SIL,LAME,100,12,22/03/2017,24/04/2025,SIO
397,,ST LAURENT BLANGY,62223,RUE LAURENT GERS ,"50,29702","2,80326",90°,ST LAURENT MAIRIE,ST LAURENT ROSATI,DROITE,ND,SIGNALETIQUE LOCALE,"0,1M2",SIL,LAME,100,12,28/03/2018,11/04/2025,MARKET ARRAS
,,ST LAURENT BLANGY,62223,RUE LAURENT GERS ,"50,29702","2,80326",90°,ST LAURENT MAIRIE,ST LAURENT ROSATI,GAUCHE,ND,SIGNALETIQUE LOCALE,"0,1M2",SIL,LAME,100,12,,,MICROCRECHE
402,,ST LAURENT BLANGY,62223,RUE ESTENNE CAUCHY    (FACE PMU),"50,30059","2,80166",90°,ST LAURENT MAIRIE,ST NICOLAS,DROITE,ND,SIGNALETIQUE LOCALE,"0,1M2",SIL,LAME,100,12,22/11/2016,31/12/2024,A2000
404,,ST LAURENT BLANGY,62223,RUE ESTENNE CAUCHY    (FACE PMU),"50,30059","2,80166",90°,ST LAURENT MAIRIE,ST NICOLAS,DROITE,ND,SIGNALETIQUE LOCALE,"0,1M2",SIL,LAME,100,12,21/11/2023,31/12/2026,LECLERC ARRADIS
405,,ST LAURENT BLANGY,62223,RUE ESTENNE CAUCHY    (FACE PMU),"50,30059","2,80166",90°,ST LAURENT ZA,ST NICOLAS,GAUCHE,ND,SIGNALETIQUE LOCALE,"0,1M2",SIL,LAME,100,12,21/11/2023,31/12/2026,LECLERC ARRADIS
403,,ST LAURENT BLANGY,62223,RUE ESTENNE CAUCHY    (FACE PMU),"50,30059","2,80166",90°,ST LAURENT MAIRIE,ST NICOLAS,DROITE,ND,SIGNALETIQUE LOCALE,"0,1M2",SIL,LAME,100,12,"07,06,2017",29/06/2025,PIERRE NOE
406,,ST LAURENT BLANGY,62223,RUE ESTENNE CAUCHY    (FACE PMU),"50,30059","2,80166",90°,ST LAURENT MAIRIE,ST NICOLAS,DROITE,ND,SIGNALETIQUE LOCALE,"0,1M2",SIL,LAME,100,12,,,VAPOTE IN PEACE
,,ST LAURENT BLANGY,62223,RUE ESTENNE CAUCHY    (FACE PMU),"50,30059","2,80166",90°,ST LAURENT MAIRIE,ST NICOLAS,DROITE,ND,SIGNALETIQUE LOCALE,"0,1M2",SIL,LAME,100,12,"11,01,2023",18/01/2026,ATELIER CENTRE AUTO
25,,BEAURAINS,62217,BOREAL PARC,"50,26842","2,79965",90°,BAPAUME,TILLOY,DROITE,ND,SIGNALETIQUE LOCALE,"0,1M2",SIL,LAME,100,12,12/10/2022,23/10/2024,NICODEME ESPACE AUBADE
36,,BEAURAINS,62217,BOREAL PARC,"50,26842","2,79965",90°,BAPAUME,TILLOY,DROITE,ND,SIGNALETIQUE LOCALE,"0,1M2",SIL,LAME,100,12,10/07/2018,22/07/2025,ID PARQUET
,,BEAURAINS,62217,BOREAL PARC,"50,26842","2,79965",90°,BEAURAINS,TILLOY,DROITE,ND,SIGNALETIQUE LOCALE,"0,1M2",SIL,LAME,100,12,23/07/2022,25/08/2025,FALCON MOTORS COMPANY
CATRY BAYART 20250303_141629,#VALEUR !,ST LAURENT BLANGY,62223,BRETELLE DE SORTIE RD950 VENANT DE ARRAS,"50,30714","2,80194",180°,RD950,ZA CHEMINS CROISES,GAUCHE,ND,SIGNALETIQUE LOCALE,"0,1M2",SIL,LAME,100,12,01/07/2022,06/07/2025,EDP ARTOIS
SPIE2,#VALEUR !,ST LAURENT BLANGY,62223,BRETELLE DE SORTIE RD950 VENANT DE LILLE ,"50,30918","2,80207",90°,RD950 LILLE,ST LAURENT CENTRE,GAUCHE,ND,SIGNALETIQUE LOCALE,"0,1M2",SIL,LAME,100,12,01/07/2022,06/07/2025,EDP ARTOIS
CATRY BAYART 20250317_154106,#VALEUR !,ST LAURENT BLANGY,62223,ENTREE ZA DES CHEMINS CROISES ,"50,30912","2,80293",45°,ST LAURENT/ RD950,ZA CHEMINS CROISES,GAUCHE,ND,SIGNALETIQUE LOCALE,"0,1M2",SIL,LAME,100,12,17/03/2025,16/03/2026,CATRY BAYART
350,,ST LAURENT BLANGY,62223,ENTREE ZA DES CHEMINS CROISES ,"50,30912","2,80293",45°,ST LAURENT/ RD950,ZA CHEMINS CROISES,GAUCHE,ND,SIGNALETIQUE LOCALE,"0,1M2",SIL,LAME,100,12,,,ARRAS NETWORK
,,ST LAURENT BLANGY,62223,ENTREE ZA DES CHEMINS CROISES ,"50,30912","2,80293",45°,ST LAURENT/ RD950,ZA CHEMINS CROISES,GAUCHE,ND,SIGNALETIQUE LOCALE,"0,1M2",SIL,LAME,100,12,04/02/2020,13-févr.,CGED
,,ST LAURENT BLANGY,62223,ENTREE ZA DES CHEMINS CROISES ,"50,30912","2,80293",45°,RD950,ZA CHEMINS CROISES,GAUCHE,ND,SIGNALETIQUE LOCALE,"0,1M2",SIL,LAME,100,12,01/07/2022,06/07/2025,EDP ARTOIS
,,ST LAURENT BLANGY ,62223,ENTREE ZA DES CHEMINS CROISES ,"50,30912","2,80293",45°,ST LAURENT/ RD950,ZA CHEMINS CROISES,GAUCHE,ND,SIGNALETIQUE LOCALE,"0,1M2",SIL,LAME,100,12,29/07/2019,31/08/2025,SPIE
,,ST LAURENT BLANGY,62223,RUE DU 14 JUILLET ,"50,30363","2,80341",90°,ST LAURENT CAUCHY,ZA DU 14 JUILLET ,DROITE,ND,SIGNALETIQUE LOCALE,"0,1M2",SIL,LAME,100,12,"11,01,2023",18/01/2026,ATELIER CENTRE AUTO
mk energies,#VALEUR !,ST LAURENT BLANGY,62223,ZA DU 14 JUILLET ,"50,30495","2,80193",90°,ST LAURENT CAUCHY,ZA DU 14 JUILLET ,DROITE,ND,SIGNALETIQUE LOCALE,"0,1M2",SIL,LAME,100,12,"20,10,2016","22,11,2025",ARGECO
mk energies,#VALEUR !,ST LAURENT BLANGY,62223,ZA DU 14 JUILLET ,"50,30495","2,80193",90°,ST LAURENT CAUCHY,ZA DU 14 JUILLET ,DROITE,ND,SIGNALETIQUE LOCALE,"0,1M2",SIL,LAME,100,12,17/11/2016,14/02/2025,DEKRA
mk energies,#VALEUR !,ST LAURENT BLANGY,62223,ZA DU 14 JUILLET ,"50,30495","2,80193",90°,ST LAURENT CAUCHY,ZA DU 14 JUILLET ,DROITE,ND,SIGNALETIQUE LOCALE,"0,1M2",SIL,LAME,100,12,"13,02,2020",09/03/2026,MK ENERGIES
mk energies,#VALEUR !,ST LAURENT BLANGY,62223,ZA DU 14 JUILLET ,"50,30495","2,80193",90°,ST LAURENT CAUCHY,ZA DU 14 JUILLET ,DROITE,ND,SIGNALETIQUE LOCALE,"0,1M2",SIL,LAME,100,12,24/10/2023,19/11/2025,ALPES CONTROLES
mk energies,#VALEUR !,ST LAURENT BLANGY,62223,ZA DU 14 JUILLET ,"50,30495","2,80193",90°,ST LAURENT CAUCHY,ZA DU 14 JUILLET ,DROITE,ND,SIGNALETIQUE LOCALE,"0,1M2",SIL,LAME,100,12,15/03/2024,24/03/2026,APAVE EXPLOITATION France
44,,BEAURAINS,62217,BOREAL PARC,"50,26924","2,80008",90°,TILLOY,ZA LONG CHAMPS,GAUCHE,ND,SIGNALETIQUE LOCALE,"0,1M2",SIL,LAME,100,12,"11,05,2017","30,06,2025",CITY BOXE
43,,BEAURAINS,62217,BOREAL PARC,"50,26924","2,80008",90°,TILLOY,ZA LONG CHAMPS,GAUCHE,ND,SIGNALETIQUE LOCALE,"0,1M2",SIL,LAME,100,12,03/01/2018,14/01/2026,DEPANNAGE BARBIER
45,,BEAURAINS,62217,BOREAL PARC,"50,26924","2,80008",90°,TILLOY,ZA LONG CHAMPS,GAUCHE,ND,SIGNALETIQUE LOCALE,"0,1M2",SIL,LAME,100,12,"08,06,2017",25/06/2025,SDEM
367,,ST LAURENT BLANGY,62223,ROND POINT DE LA LOCOMOTIVE FACE RECTO ,"50,29278","2,79323",90°,ARTOIS EXPO,ZI EST,GAUCHE,ND,SIGNALETIQUE LOCALE,"0,1M2",SIL,LAME,100,12,02/09/2016,22/01/2026,ACE HOTEL
368,,ST LAURENT BLANGY,62223,ROND POINT DE LA LOCOMOTIVE FACE RECTO ,"50,29278","2,79323",90°,ARTOIS EXPO,ZI EST,GAUCHE,ND,SIGNALETIQUE LOCALE,"0,1M2",SIL,LAME,100,12,22/11/2016,08/12/2025,CARROSSERIE MANTEL
370,,ST LAURENT BLANGY,62223,ROND POINT DE LA LOCOMOTIVE FACE RECTO ,"50,29278","2,79323",90°,ARTOIS EXPO,ZI EST,GAUCHE,ND,SIGNALETIQUE LOCALE,"0,1M2",SIL,LAME,100,12,27/01/2017,14/02/2025,COPIN DESIGN
371,,ST LAURENT BLANGY,62223,ROND POINT DE LA LOCOMOTIVE FACE RECTO ,"50,29278","2,79323",90°,ARTOIS EXPO,ZI EST,GAUCHE,ND,SIGNALETIQUE LOCALE,"0,1M2",SIL,LAME,100,12,28/03/2018,11/04/2025,MARKET ARRAS
366,,ST LAURENT BLANGY,62223,ROND POINT DE LA LOCOMOTIVE FACE RECTO ,"50,29278","2,79323",90°,ARTOIS EXPO,ZI EST,GAUCHE,ND,SIGNALETIQUE LOCALE,"0,1M2",SIL,LAME,100,12,,,RENOVANTIC
18,,BEAURAINS,62217,BOREAL PARC,,,,,,,ND,SIGNALETIQUE LOCALE,"0,1M2",SIL,LAME,100,12,,,CENTRAKOR
37,,BEAURAINS,62217,BOREAL PARC,,,,,,,ND,SIGNALETIQUE LOCALE,"0,1M2",SIL,LAME,100,12,,,CENTRAKOR
40,,BEAURAINS,62217,BOREAL PARC,,,,,,,ND,SIGNALETIQUE LOCALE,"0,1M2",SIL,LAME,100,12,,,CENTRAKOR
34,,BEAURAINS,62217,BOREAL PARC,,,,,,,ND,SIGNALETIQUE LOCALE,"0,1M2",SIL,LAME,100,12,,,FOLEKA
42,,BEAURAINS,62217,BOREAL PARC,,,,,,,ND,SIGNALETIQUE LOCALE,"0,1M2",SIL,LAME,100,12,,,FOLEKA
,,HERSIN COUPIGNY,62530,ROUTE DEPARTEMENTALE 188/ROUTE DEPARTEMENTALE 165,,,,,,,ND,SIGNALETIQUE LOCALE,"0,1M2",SIL,LAME,100,12,,,FRITERIE LE 14 S DINER
,,HERSIN COUPIGNY,62530,ROUTE DEPARTEMENTALE 188/ROUTE DEPARTEMENTALE 165 ,,,,,,,ND,SIGNALETIQUE LOCALE,"0,1M2",SIL,LAME,100,12,,,SNC VMD
342,,ST LAURENT BLANGY,62223,BRETELLE DE SORTIE VENANT DE LILLE ,"50,30918","2,80207",90°,LILLE,ST LAURENT CENTRE,GAUCHE,ND,SIGNALETIQUE LOCALE,"0,1M2",SIL,LAME,100,12,22/11/2016,08/12/2025,CARROSSERIE MANTEL
465,,FREVENT,62270,RUE DE DOULLENS ,,,,,,,ND,SIGNALETIQUE LOCALE,"0,1M2",SIL,LAME,100,12,,, VETCANCH
476,,FREVENT,62270,RUE RESIDENCE SOLIDARITE ,,,,,,,ND,SIGNALETIQUE LOCALE,"0,1M2",SIL,LAME,100,12,,, VETCANCH
12,#VALEUR !,ST LAURENT BLANGY,62223,RUE DES ROSATI (FACE BIGMAT) ,"50,29604","2,79593",90°,ST LAURENT EAUX VIVES,ARRAS ROSATI,GAUCHE,ND,SIGNALETIQUE LOCALE,"0,1M2",SIL ,LAME,100,12,"08,11,2016","22,11,2025",FUNNY PARC
407,,ST LAURENT BLANGY,62223,D42 RUE DE VERSAILLES ,"50,30445","2,81517",90°,ST LAURENT CENTRE,ATHIES,DROITE,D,SIGNALETIQUE LOCALE,"0,1M2",SIL ,LAME,100,12,,,DISPONIBLE
410,,ST LAURENT BLANGY,62223,RUE DE VERSAILLES    (FACE ECOLE LENGLET),"50,30268","2,80848",90°,ST LAURENT CENTRE,ATHIES,DROITE,D,SIGNALETIQUE LOCALE,"0,1M2",SIL ,LAME,100,12,,,DISPONIBLE
408,,ST LAURENT BLANGY,62223,RUE HENRI BARBUSSE FACE CITE D'HERVIN ,"50,30464","2,81546",90°,ST LAURENT CENTRE,ATHIES,90°,D,SIGNALETIQUE LOCALE,"0,1M2",SIL ,LAME,100,12,,,DISPONIBLE
411,,ST LAURENT BLANGY,62223,RUE DE VERSAILLES AVANT ROND POINT ,"50,30169","2,80493",90°,ATHIES,ST LAURENT,DROITE,D,SIGNALETIQUE LOCALE,"0,1M2",SIL ,LAME,100,12,,,DISPONIBLE
12B,#VALEUR !,ST LAURENT BLANGY,62223,RUE DES ROSATI (FACE BIGMAT) ,"50,29604","2,79593",90°,ARRAS ROSATI,ST LAURENT BASE EAUX VIVES,GAUCHE,ND,SIGNALETIQUE LOCALE,"0,1M2",SIL ,LAME,100,12,22/11/2016,31/12/2024,A2000
12B,#VALEUR !,ST LAURENT BLANGY,62223,RUE DES ROSATI (FACE BIGMAT) ,"50,29604","2,79593",90°,ARRAS ROSATI,ST LAURENT BASE EAUX VIVES,GAUCHE,D,SIGNALETIQUE LOCALE,"0,1M2",SIL ,LAME,100,12,,,DISPONIBLE
12B,#VALEUR !,ST LAURENT BLANGY,62223,RUE DES ROSATI (FACE BIGMAT) ,"50,29604","2,79593",90°,ARRAS ROSATI,ST LAURENT BASE EAUX VIVES,GAUCHE,ND,SIGNALETIQUE LOCALE,"0,1M2",SIL ,LAME,100,12,17/11/2016,08/12/2025,LA TAVERNE DES GAULOIS
12B,#VALEUR !,ST LAURENT BLANGY,62223,RUE DES ROSATI (FACE BIGMAT) ,"50,29604","2,79593",90°,ARRAS ROSATI,ST LAURENT BASE EAUX VIVES,GAUCHE,ND,SIGNALETIQUE LOCALE,"0,1M2",SIL ,LAME,100,12,22/03/2017,24/04/2025,SIO
409,,ST LAURENT BLANGY,62223,RUE DE VERSAILLES AVANT ROND POINT ,"50,30169","2,80493",90°,ATHIES,ST LAURENT CENTRE,DROITE,ND,SIGNALETIQUE LOCALE,"0,1M2",SIL ,LAME,100,12,,,VAPOTE IN PEACE
PHOTO  2 MONOMAT RUE LAURENT GERS ENTREE PAR VAUDRY FONTAINE,#VALEUR !,ST LAURENT BLANGY,62223,RUE LAURENT GERS (BASE NAUTIQUE) ,"50,29732","2,80361",90°,ZI EST,ST LAURENT CENTRE,DROITE,ND,SIGNALETIQUE LOCALE,"0,1M2",SIL ,LAME,100,12,22/11/2016,31/12/2024,A2000
PHOTO  2 MONOMAT RUE LAURENT GERS ENTREE PAR VAUDRY FONTAINE,#VALEUR !,ST LAURENT BLANGY,62223,RUE LAURENT GERS (BASE NAUTIQUE) ,"50,29732","2,80361",90°,ZI EST,ST LAURENT CENTRE,DROITE,D,SIGNALETIQUE LOCALE,"0,1M2",SIL ,LAME,100,12,,,DISPONIBLE
PHOTO  2 MONOMAT RUE LAURENT GERS ENTREE PAR VAUDRY FONTAINE,#VALEUR !,ST LAURENT BLANGY,62223,RUE LAURENT GERS (BASE NAUTIQUE) ,"50,29732","2,80361",90°,ZI EST,ST LAURENT CENTRE,DROITE,ND,SIGNALETIQUE LOCALE,"0,1M2",SIL ,LAME,100,12,"26,10,2016","22,11,2024",SETREM
390,,ST LAURENT BLANGY,62223,RUE CLEMENCEAU,"50,29399","2,79651",90°,ST LAURENT ARTOIS EXPO,ST LAURENT ROSATI,GAUCHE,ND,SIGNALETIQUE LOCALE,"0,1M2",SIL ,LAME,100,12,27/01/2017,14/02/2025,COPIN DESIGN
416,,ST LAURENT BLANGY,62223,RUE DE CHEVERNY ,"50,30486","2,80166",90°,ST LAURENT ZA,ST NICOLAS,GAUCHE,ND,SIGNALETIQUE LOCALE,"0,1M2",SIL ,LAME,100,12,21/11/2023,31/12/2026,LECLERC ARRADIS
73,,TILLOY LES MOFLAINES,62217,39 ROUTE DE CAMBRAI ,"50,27851","2,82095",90°,CAMBRAI,ARRAS,DROITE,ND,GRAND FORMAT,4M2,TRIVISION,LAME,1650,2450,04/03/2022,31/12/2026,ART ET FENETRES ATLANTIDE
74,,TILLOY LES MOFLAINES,62217,39 ROUTE DE CAMBRAI ,"50,27851","2,82095",90°,CAMBRAI,ARRAS,DROITE,ND,GRAND FORMAT,4M2,TRIVISION,LAME,1650,2450,,,AUTOVALE BLEU ARRAS
ART ET FENETRES TILLOY 20220510_080836,#VALEUR !,TILLOY LES MOFLAINES,62217,39 ROUTE DE CAMBRAI ,"50,27851","2,82095",90°,CAMBRAI,ARRAS,DROITE,D,GRAND FORMAT,4M2,TRIVISION,LAME,1650,2450,,,DISPONIBLE
77,,TILLOY LES MOFLAINES,62217,39 ROUTE DE CAMBRAI ,"50,27851","2,82095",90°,CAMBRAI,ARRAS,DROITE,ND,GRAND FORMAT,4M2,TRIVISION,LAME,1650,2450,"23,06,2015",27/10/2024,SONADIA
78,,TILLOY LES MOFLAINES,62217,39 ROUTE DE CAMBRAI ,"50,27851","2,82095",90°,CAMBRAI,ARRAS,DROITE,ND,GRAND FORMAT,4M2,TRIVISION,LAME,1650,2450,16/09/2015,16/09/2024,FIRST STOP
,,TILLOY LES MOFLAINES,62217,39 ROUTE DE CAMBRAI ,"50,27851","2,82095",90°,CAMBRAI,ARRAS,DROITE,ND,GRAND FORMAT,4M2,TRIVISION,LAME,2000,2000,15/09/2015,17/02/2025,LV CONCEPT CUISINES
70,,TILLOY LES MOFLAINES,62217,43 ROUTE DE CAMBRAI ,"50,27831","2,82184",90°,CAMBRAI,ARRAS,DROITE,ND,GRAND FORMAT,8M2,TRIVISION,TRIVISION,2000,2000,21/11/2023,31/12/2026,LECLERC ARRADIS
BRICODEPOT 20240131_110032,#VALEUR !,TILLOY LES MOFLAINES,62156,43 ROUTE DE CAMBRAI ,"50,27831","2,82184",90°,CAMBRAI,ARRAS,DROITE,ND,GRAND FORMAT,4M2,TRIVISION,LAME,2000,2000,22/11/2024,31/12/2025,MARKET BEAURAINS
QUICK TILLOY 20230713_140911,#VALEUR !,TILLOY LES MOFLAINES,62156,43 ROUTE DE CAMBRAI ,"50,27831","2,82184",90°,CAMBRAI,ARRAS,DROITE,D,GRAND FORMAT,4M2,TRIVISION,LAME,2000,2000,"31,12,2023",31/01/2025,DISPONIBLE
QUICK TILLOY 20230713_140911,#VALEUR !,TILLOY LES MOFLAINES,62217,43 ROUTE DE CAMBRAI ,"50,27831","2,82184",90°,CAMBRAI,ARRAS,DROITE,ND,GRAND FORMAT,4M2,TRIVISION,LAME,2000,2000,12/06/2023,13/07/2026,QUICK ARRAS
325,,ST CATHERINE LES ARRAS,62223,32 ROUTE DE ST POL ,"50,29799","2,75928",90°,ARRAS BAUDIMONT,ARRAS AUCHAN,DROITE,ND,GRAND FORMAT,4M2,TRIVISION,LAME,2000,2000,28/08/2024,13/10/2025,KFC ARRAS 
3 BRASSEURS 20231027_105837,#VALEUR !,ST CATHERINE LES ARRAS,62223,32 ROUTE DE ST POL ,"50,29799","2,75928",90°,ARRAS BAUDIMONT,ARRAS AUCHAN,DROITE,ED,GRAND FORMAT,4M2,TRIVISION,LAME,2000,2000,17/10/2023,23/10/2025,3 BRASSEURS ARRAS
326,,ST CATHERINE LES ARRAS,62223,32 ROUTE DE ST POL ,"50,29799","2,75928",90°,ARRAS BAUDIMONT,ARRAS AUCHAN,DROITE,ND,GRAND FORMAT,4M2,TRIVISION,LAME,2000,2000,04/03/2022,31/12/2026,ART ET FENETRES ATLANTIDE
323,,ST CATHERINE LES ARRAS,62223,32 ROUTE DE ST POL ,"50,29799","2,75928",90°,ARRAS BAUDIMONT,ARRAS AUCHAN,DROITE,ND,GRAND FORMAT,4M2,TRIVISION,LAME,2000,2000,,,AUCHAN ARRAS
324,,ST CATHERINE LES ARRAS,62223,32 ROUTE DE ST POL ,"50,29799","2,75928",90°,ARRAS BAUDIMONT,ARRAS AUCHAN,DROITE,ND,GRAND FORMAT,4M2,TRIVISION,LAME,2000,2000,"23,06,2015",27/10/2024,SONADIA
327,,ST CATHERINE LES ARRAS,62223,32 ROUTE DE ST POL ,"50,29799","2,75928",90°,ARRAS BAUDIMONT,ARRAS AUCHAN,DROITE,ND,GRAND FORMAT,4M2,TRIVISION,LAME,2000,2000,13/11/2020,11/01/2025,CUISINE REFERENCE
434,#VALEUR !,ARRAS,62000,ROND POINT TCHECOSLOVAQUIE ,"50,29721","2,76904",90°,ARRAS MONNET,ARRAS BAUDIMONT,DROITE,ND,GRAND FORMAT,10M2,TRIVISION,LAME,3200,3000,19/02/2014,09/03/2026, PISCINES ET SPA
431,#VALEUR !,ARRAS,62000,ROND POINT TCHECOSLOVAQUIE ,"50,29721","2,76904",90°,ARRAS MONNET,ARRAS BAUDIMONT,DROITE,ND,GRAND FORMAT,10M2,TRIVISION,LAME,3200,3000,22/11/2024,31/12/2025,BUFFALO GRILL ARRAS  
433,,ARRAS,62000,ROND POINT TCHECOSLOVAQUIE ,"50,29721","2,76904",90°,ARRAS MONNET,ARRAS BAUDIMONT,DROITE,ND,GRAND FORMAT,10M2,TRIVISION,LAME,3200,3000,"30,04,2019","13,03,2026",BIO EN ARTOIS
430,#VALEUR !,ARRAS,62000,ROND POINT TCHECOSLOVAQUIE ,"50,29721","2,76904",90°,ARRAS MONNET,ARRAS BAUDIMONT,DROITE,ND,GRAND FORMAT,10M2,TRIVISION,LAME,3200,3000,"29,08,2023","13,12,2024",KFC ARRAS 
BIOCOOP,#VALEUR !,ARRAS,62000,ROND POINT TCHECOSLOVAQUIE ,"50,29721","2,76904",90°,ARRAS MONNET,ARRAS BAUDIMONT,DROITE,ED,GRAND FORMAT,10M2,TRIVISION,TRIVISION,3200,3000,21/11/2023,31/12/2026,LECLERC ARRADIS
LV CONCEPT ROND POINT TCHEC,#VALEUR !,ARRAS,62000,ROND POINT TCHECOSLOVAQUIE ,"50,29721","2,76904",90°,ARRAS MONNET,ARRAS BAUDIMONT,DROITE,ND,GRAND FORMAT,10M2,TRIVISION,LAME,3200,3000,02/02/2017,31/03/2026,LV CONCEPT CUISINES
428,#VALEUR !,ARRAS,62000,191 AVENUE CHURCHILL ,"50,29943","2,7416",90°,ARRAS AUCHAN,ARRAS CENTRE,DROITE,ND,GRAND FORMAT,12M2,TRIVISION,LAME,4000,3000,29/03/2024,15/04/2026,LA BROCANTE DALEX 
427,,ARRAS,62000,191 AVENUE CHURCHILL ,"50,29943","2,7416",90°,ARRAS AUCHAN,ARRAS CENTRE,DROITE,ND,GRAND FORMAT,12M2,TRIVISION,TRIVISION,4000,3000,21/11/2023,31/12/2026,LECLERC ARRADIS
429,,ARRAS,62000,191 AVENUE CHURCHILL ,"50,29943","2,7416",90°,ARRAS AUCHAN,ARRAS CENTRE,DROITE,ND,GRAND FORMAT,12M2,TRIVISION,LAME,4000,3000,30/05/2012,07/06/2024,LV CONCEPT CUISINES
,#VALEUR !,ARRAS,62000,24 BOULEVARD CARNOT  ,"50,28727","2,77513",90°,ARRAS DE GAULLE,ARRAS GARE,DROITE,ND,GRAND FORMAT,8M2,TRIVISION,TRIVISION,3280,2460,21/11/2023,31/12/2026,LECLERC ARRADIS
,,ARRAS,62000,24 BOULEVARD CARNOT  ,"50,28727","2,77513",90°,ARRAS DE GAULLE,ARRAS GARE,DROITE,ND,GRAND FORMAT,8M2,TRIVISION,LAME,3280,2460,08/03/2021,28/03/2025,LV CONCEPT CUISINES
421,#VALEUR !,ARRAS,62000,RUE CONSTANT DUTILLEUX ,"50,29052","2,80157",90°,ARRAS GARE,ARRAS ROSATI,DROITE,ND,GRAND FORMAT,12M2,TRIVISION,LAME,4000,3000,"18,10,2018","19,11,2024", CUISINES ARMONY
,#VALEUR !,ARRAS,62000,RUE CONSTANT DUTILLEUX ,"50,29052","2,80157",90°,ARRAS GARE,ARRAS ROSATI,DROITE,ND,GRAND FORMAT,6M2,TRIVISION,LAME,2000,3000,14/02/2017,14/03/2025,BURGER KING ARRAS
423,#VALEUR !,ARRAS,62000,RUE CONSTANT DUTILLEUX ,"50,29052","2,80157",90°,ARRAS GARE,ARRAS ROSATI,DROITE,ND,GRAND FORMAT,6M2,TRIVISION,LAME,2000,3000,19/08/2020,30/08/2024,CARROSSERIE MANTEL
420,,ARRAS,62000,RUE CONSTANT DUTILLEUX ,"50,29052","2,80157",90°,ARRAS GARE,ARRAS ROSATI,DROITE,ND,GRAND FORMAT,12M2,TRIVISION,TRIVISION,4000,3000,21/11/2023,31/12/2026,LECLERC ARRADIS
418,#VALEUR !,ARRAS,62000,11 BOULEVARD SCHUMANN ,"50,29722","2,77052",90°,ARRAS MONNET,ARRAS TCHECO,DROITE,ND,GRAND FORMAT,8M2,TRIVISION,LAME,3280,2460,"18,10,2018","19,11,2024", CUISINES ARMONY
417,#VALEUR !,ARRAS,62000,11 BOULEVARD SCHUMANN ,"50,29722","2,77052",90°,ARRAS MONNET,ARRAS TCHECO,DROITE,ND,GRAND FORMAT,8M2,TRIVISION,LAME,3280,2460,,,AUCHAN ARRAS
419,#VALEUR !,ARRAS,62000,11 BOULEVARD SCHUMANN ,"50,29722","2,77052",90°,ARRAS MONNET,ARRAS TCHECO,DROITE,ND,GRAND FORMAT,8M2,TRIVISION,LAME,3280,2460,13/11/2020,11/01/2025,CUISINE REFERENCE
20240401_152708,,CHAMBRY,2 000,RUE JEAN JAURES,"49,59422","3,6591",90°,SORTIE A26,LAON,DROITE,ND,GRAND FORMAT,4M2,TRIVISION,LAME,4000,1000,02/02/2011,05/02/2025, LEPTIR
BK CHAMBRY 1,#VALEUR !,CHAMBRY,2000,RUE JEAN JAURES,"49,59422","3,6591",90°,SORTIE A26,LAON,DROITE,ND,GRAND FORMAT,4M2,TRIVISION,LAME,4000,1000,18/12/2023,16/05/2027,BURGER KING LAON
MR BRICOLAGE,#VALEUR !,CHAMBRY,2000,RUE JEAN JAURES,"49,59422","3,6591",90°,SORTIE A26,LAON,DROITE,ND,GRAND FORMAT,4M2,TRIVISION,LAME,4000,1000,03/09/2020,15/09/2025,MONSIEUR BRICOLAGE
HOTEL DU GOLF DE L'AILETTE,#VALEUR !,CHAMBRY,2000,RUE JEAN JAURES,"49,59422","3,6591",90°,SORTIE A26,LAON,DROITE,ND,GRAND FORMAT,4M2,TRIVISION,LAME,4000,1000,21/12/2020,31/12/2025,HOTEL DU GOLF
leclerc,#VALEUR !,CHAMBRY,2000,RUE JEAN JAURES,"49,59422","3,6591",90°,SORTIE A26,LAON,DROITE,ND,GRAND FORMAT,4M2,TRIVISION,LAME,4000,1000,31/01/2019,06/02/2025,LECLERC LAONDIS
POMPES FUNEBRES RSAUTIER,#VALEUR !,CHAMBRY,2000,RUE JEAN JAURES,"49,59422","3,6591",90°,SORTIE A26,LAON,DROITE,ND,GRAND FORMAT,4M2,TRIVISION,LAME,4000,1000,10/03/2009,31/12/2025,FUNECAP
ALDIMARCHE 20240918_101843,#VALEUR !,CHAMBRY,2000,RUE JEAN JAURES,"49,59422","3,6591",90°,SORTIE A26,LAON,DROITE,ND,GRAND FORMAT,4M2,TRIVISION,LAME,4000,1000,22/11/2024,31/12/2025,ALDI LAON
20230417_155428,#VALEUR !,CHAMBRY,2000,RUE JEAN JAURES,"49,59422","3,6591",90°,SORTIE A26,LAON,DROITE,ND,GRAND FORMAT,4M2,TRIVISION,LAME,4000,1000,29/03/2023,17/04/2026,KFC CHAMBRY
THOMAS BACRO ,#VALEUR !,COURCELLES LES LENS,62970,30 RUE JULES FERRY ,"50,41052","3,00119",90°,DOUAI,NOYELLES GODAULT,DROITE,ED,GRAND FORMAT,12M2,TRIVISION,LAME,4000,3000,22/02/2023,23/02/2026, BACRO  THOMAS
195,,COURCELLES LES LENS,62970,30 RUE JULES FERRY ,"50,41052","3,00119",90°,DOUAI,NOYELLES GODAULT,DROITE,ND,GRAND FORMAT,12M2,TRIVISION,LAME,4000,3000,04/10/2022,03/10/2025,DMF RECYCLAGE
193,,COURCELLES LES LENS,62970,30 RUE JULES FERRY ,"50,41052","3,00119",90°,DOUAI,NOYELLES GODAULT,DROITE,ND,GRAND FORMAT,12M2,TRIVISION,LAME,4000,3000,"16,10,2015",31/12/2025,LES JARDINS DE ROUVROY
425,,ARRAS,62000,74 ROUTE DE CAMBRAI,"50,28435","2,79603",90°,ARRAS ,TILLOY,DROITE,ND,GRAND FORMAT,7M2,TRIVISION,LAME,5700,1400,17/12/2012,28/02/2026, HYPER U BARALLE ABRICOT 
BK ARRAS 74 RTE DE CAMBRAI 20220728_161426,#VALEUR !,ARRAS,62000,74 ROUTE DE CAMBRAI,"50,28435","2,79603",90°,ARRAS ,TILLOY,DROITE,ND,GRAND FORMAT,7M2,TRIVISION,LAME,5700,1400,30/05/2022,15/06/2025,BURGER KING BEAURAINS
426,#VALEUR !,ARRAS,62000,74 ROUTE DE CAMBRAI,"50,28435","2,79603",90°,ARRAS ,TILLOY,DROITE,ND,GRAND FORMAT,7M2,TRIVISION,LAME,5700,1400,12/12/2012,07/01/2026,CARROSSERIE MANTEL
,,LIEVIN,62800,31 RUE JEAN BAPTISTE DEFERNEZ,"50,418816","2,771688",90°,ANGRES,LIEVIN,DROITE,ND,GRAND FORMAT,4M2,FIXE,TOLE,2460,1650,01/01/2022,31/12/2025,GANEO CONFORT
,,LIEVIN,62800,32 RUE JEAN BAPTISTE DEFERNEZ,"50,418816","2,771688",90°,ANGRES,LIEVIN,DROITE,ND,GRAND FORMAT,4M2,FIXE,TOLE,2460,1650,01/01/2022,31/12/2025,GANEO CONFORT
,,ROUVROY,62320,155 RUE DU GENERAL DE GAULLE,"50,402362","2,976787",90°,BILLY,ROUVROY,DROITE,ND,GRAND FORMAT,4M2,FIXE,TOLE,2460,1650,01/01/2022,31/12/2025,SAFTI SONIA BOSSU
,,BIACHE SAINT VAAST,62118,1 RUE JULES GUESDE,"50,318008","2,943727",90°,FRESNES,BIACHE,DROITE,ND,GRAND FORMAT,4M2,FIXE,TOLE,2460,1650,08/12/2016,31/12/2025,GARAGE BONNE 
RENAULT 1 RUE JULES GUESDE,#VALEUR !,BIACHE SAINT VAAST,62118,2 RUE JULES GUESDE,"50,318008","2,943727",90°,FRESNES,BIACHE,DROITE,D,GRAND FORMAT,4M2,FIXE,TOLE,2460,1650,,,DISPONIBLE
,,FARBUS,62580,37 RUE DE LA REPUBLIQUE,"50,360278","2,82203",90°,FARBUS,VIMY,DROITE,ND,GRAND FORMAT,4M2,FIXE,TOLE,2460,1650,23/01/2020,31/12/2025,LES JARDINS D'AURELIEN
MERICOURT OPTIQUE,#VALEUR !,MERICOURT,62680,ZA DE LA VOIE GRARD,"50,396956","2,857275",90°,AVION,ROUVROY,GAUCHE,ED,GRAND FORMAT,4M2,FIXE,TOLE,2460,1650,13/04/2017,31/12/2025,MERICOURT OPTIQUE 
,,MERICOURT,62680,ZA DE LA VOIE GRARD,"50,396956","2,857275",90°,ROUVROY,AVION,DROITE,ND,GRAND FORMAT,4M2,FIXE,TOLE,2460,1650,11/05/2017,31/12/2025,SAS DERACHE DUCARIN
,,ARRAS,62000,34 RUE DES ROITELETS,"50,290376","2,74188",90°,C.CIAL AUCHAN,C.CIAL LECLERC,DROITE,ND,GRAND FORMAT,4M2,FIXE,TOLE,2460,1650,02/03/2021,31/12/2025,MAC DONALD ARRAS DAINVILLE
,#VALEUR !,ACHICOURT,62217,22 BIS ROUTE DE BAPAUME,"50,277508","2,782134",90°,ARRAS,BEAURAINS,DROITE,ND,GRAND FORMAT,4M2,FIXE,TOLE,2460,1650,"08,02,2021",31/12/2025,MAC DONALD ARRAS DAINVILLE
,,ACHICOURT,62217,12 ROUTE DE BAPAUME,"50,27666","2,78205",90°,BEAURAINS,ARRAS,GAUCHE,ND,GRAND FORMAT,4M2,FIXE,TOLE,2460,1650,01/01/2025,31/12/2025,LIDL SAILLY LES CAMBRAI 
,,ACHICOURT,62217,12 ROUTE DE BAPAUME,"50,27666","2,78205",90°,BEAURAINS,ARRAS,GAUCHE,ND,GRAND FORMAT,4M2,FIXE,TOLE,2460,1650,22/11/2024,31/12/2025,SUPERMARCHE MATCH
,,DROCOURT,62320,115 ROUTE D'ARRAS,"50,922744","2,391511",90°,ARRAS,BILLY,DROITE,ND,GRAND FORMAT,4M2,FIXE,TOLE,2460,1650,22/11/2024,31/12/2025,STOKOMANI
,,ARLEUX EN GOHELLE,62580,51 RUE DE BOIS BERNARD,"50,365786","2,877756",90°,ARRAS,BOIS BERNARD,GAUCHE,ND,GRAND FORMAT,4M2,FIXE,TOLE,2460,1650,17/03/2025,16/03/2028,SAFTI SONIA BOSSU
ROUTE DE ROUVROY A BILLY MONTIGNY  ,#VALEUR !,BILLY MONTIGNY,62420,7 RUE DE ROUVROY,"50,411021","2,91109",90°,ROUVROY,BILLY MONTIGNY,GAUCHE,D,GRAND FORMAT,4M2,FIXE,TOLE,2460,1650,,,DISPONIBLE
,,VIMY,62580,6 RUE ROUGET DE LISLE,"50,37246","2,81192",90°,VIMY,FARBUS,DROITE,ND,GRAND FORMAT,4M3,FIXE,TOLE,2460,1650,01/02/2025,31/01/2028,SAFTI ALEXANDRE ROBBILLART
,,,,,,,,,,,,,,,,,,,,
,,,,,,,,,,,,,,,,,,,,
,,,,,,,,,,,,,,,,,,,,
0,,,,,,,,,,,,,,,,,,,,
0,,,,,,,,,,,,,,,,,,,,
